1,COc1ccc(Br)c(CNC(=O)Cc2cccs2)c1,-0.18128666666666665
2,O=C(c1cccc(F)c1)N(Cc1cccnc1)Cc1ccco1,-2.533481666666665
3,Cc1ccc(NC(=O)CCn2c(=O)oc3ccccc32)cc1,-0.40459666666666655
4,COc1cccc(NC(=O)N2CCN(CC(F)(F)C(F)F)CC2)c1,-2.387800000000001
5,CNC(=O)c1cc(N2CCOCC2)nc2c(C)cccc12,-0.2307966666666667
6,CCOC(=O)c1cc(NC(=O)c2ccccc2)n(C)n1,-1.714686666666666
7,Cc1ccc(S(=O)(=O)NCc2ncn(C)n2)cc1Cl,0.4263699999999999
8,O=C(Cc1ccc(Br)cc1)c1c(O)cc(O)cc1O,-0.08889666666666667
9,COc1ccc(C)cc1CS(=O)(=O)c1ccc(C(C)=O)cc1,-1.5689799999999985
10,Cc1ccc(Cl)cc1Nc1nc(=O)c(C)n[nH]1,0.62727
11,CC(C)(C)OC(=O)N1CCC(COc2ncccc2C#N)CC1,-0.618536666666667
12,CC(Sc1ccccn1)C(=O)Nn1cnc2ccccc21,-4.656700000000003
13,CCCCn1c(SCC)nc2c1c(=O)[nH]c(=O)n2C,0.8693000000000001
14,CCCCn1nc(C(=O)N2CCCC(c3cc(C)[nH]n3)C2)ccc1=O,-0.6204400000000007
15,COCC1CN(C(=O)NC(C)Cc2ccc(C)cc2C)CCO1,-1.7383716666666689
16,O=c1c(C(F)(F)F)cccn1CC1CCCCO1,-0.98014
17,Cc1ncc(-c2cnccn2)c(-c2cccs2)n1,-1.8852999999999995
18,Cn1c(=O)[nH]c(N2CCCCC2)c(Cc2ccccc2)c1=O,-2.80824
19,CNS(=O)(=O)c1ccc(CNC(=O)c2nccnc2N)s1,-0.08852166666666678
20,COc1ccc(OCCN(C)C(=O)c2sc(C)cc2OC)cc1,-0.8830216666666658
21,CN1C(=O)COC(c2ccc(NC(=O)C3CCOCC3)cc2)C1CO,-0.8827299999999993
22,COc1ccccc1NC(=O)Nc1ccc(NS(C)(=O)=O)cc1,-0.4076116666666666
23,Cc1nc(SCC(=O)N(C(C)C)C(C)C)n(CC(C)C)c1C,-2.0995716666666655
24,O=C(NCCNC(=O)c1cnn2c1OCCC2)c1cccs1,0.45189833333333346
25,Cc1cc(=O)oc2c(C)c(OCC(=O)Nc3cccnc3)ccc12,-0.25983666666666666
26,Cc1cccc(C(=O)Nc2ccc(-n3ccc(C(N)=O)n3)cc2)n1,-2.5828666666666646
27,CCC(C)c1n[nH]c2c1CN(Cc1ccsc1)CC2,-2.2557749999999994
28,Cc1cccc(OCCNS(=O)(=O)N2CCOCC2)c1,-0.58853
29,C(=C(c1ccccc1)c1nnnn1-c1ccccc1)N1CCCCC1,-2.0156666666666654
30,CCOc1ccc(-c2nnc(NC(=O)c3cccs3)o2)cc1,-0.898331666666666
31,CCCCn1nc(C2CCOC2)nc1-c1ccc2nc(C)[nH]c2c1,-0.74704
32,O=C(OCCn1c(=O)oc2ccccc21)c1cccs1,-0.24328166666666667
33,O=C(c1cc[nH]n1)N1CCCn2nnc(COCCO)c2C1,0.15535333333333334
34,Cc1cc(CN(C)C(=O)Nc2ccc(OC(F)F)c(Cl)c2)no1,1.174978333333334
35,Cc1nc2ccccc2n1CCNC(=O)c1cccc(N(C)C)c1,-1.6479383333333337
36,c1ccc(-n2ncc3c(NC4CCCc5ccccc54)ncnc32)nc1,-1.4057000000000002
37,COc1ccc2c(c1)nc(C(N)c1ccccc1)n2CC#N,-0.6566649999999999
38,CCCc1nnc(NC(=O)c2cccc(Cl)c2)s1,-1.0083466666666667
39,CCCNS(=O)(=O)c1ccc(NC(N)=O)cc1,-0.1558966666666667
40,COc1cc(OC)cc(C(=O)Nc2cc(-c3ccccn3)no2)c1,-0.6809566666666668
41,COc1ccccc1NC(=O)NCCOc1ccc(F)cc1,-1.251871666666666
42,COC(=O)c1cccc2c1CCCN2C(=O)c1occc1C,-1.7556366666666663
43,CNc1ncc(S(=O)(=O)NC2CCCCCC2)cc1C,-1.1489400000000005
44,Cc1ccc(C2CC(=O)c3cnc(NC(=O)C4CC4)nc3C2)cc1,-0.2357966666666668
45,N#Cc1ccc(NC(=O)C2CN(C(=O)c3cccs3)C2)cc1,-0.9820166666666664
46,NC(=O)NC(CC(=O)Nc1ccc(F)cc1)c1ccccc1,-1.4798466666666676
47,Cc1ccc(C(C)NC(=O)c2c(C)nn(-c3ccc(F)cc3)c2C)o1,-0.9537466666666661
48,CCCCS(=O)(=O)NCC(=O)Nc1ccc(C)cc1Cl,-1.560931666666666
49,Cn1nc2cccc(NC(=O)c3ccc4c(c3)OCCO4)c2n1,-2.356486666666666
50,Cn1c(CNCCc2nc(-c3ccccn3)cs2)nc2ccccc21,-0.16727999999999998
51,CCOC(=O)CC1NCCc2c(C)ccc(Cl)c21,-2.295966666666666
52,CC1=C(C(=O)Nc2ccccc2)C(c2cccc(C)c2)n2ncnc2N1,-3.369766666666669
53,CNC(=O)c1cc(S(N)(=O)=O)ccc1OC1CC1,-0.1401866666666667
54,CCn1nnc2cc(C(=O)Nc3ccc4c(c3)OCC(=O)N4)ccc21,-1.5017466666666666
55,Cc1nc(CNc2ncnc3c2cnn3-c2ccc(F)cc2)cs1,-0.11380000000000011
56,Cn1cc(NC(=O)C2CCCN(C(N)=O)C2)cn1,-0.39003166666666667
57,CCOc1ccc(C(=O)NCCN2CCOCC2)cc1,-1.1550366666666656
58,Cc1ccc(CC(=O)NCC(c2ccccc2)C(C)C)cn1,-1.501771666666666
59,CC(=O)Nn1cnc2c(cnn2-c2cccc(Cl)c2)c1=O,0.23541833333333334
60,Nc1cc(Cl)ccc1NCc1ccc2c(c1)OCO2,0.359545
61,CCOC(C)c1noc(CN2CCN(c3cccc(C)c3C)CC2)n1,-0.023920000000000004
62,O=C(CN1CCN(c2ccccc2)C1=O)NCc1ccco1,-1.098566666666667
63,COC(=O)NC(C)(C)C(=O)Nc1cnn(-c2ccccc2F)c1,-1.4761716666666667
64,Cn1cccc1CNc1ccccc1-n1ccnn1,-1.4549300000000003
65,COC(=O)CCc1c(C)nn(Cc2ccc(C)cc2)c1C,-0.00396166666666665
66,COc1ccc2oc(=O)c(C(=O)Nc3ccccc3O)cc2c1,-1.9314500000000001
67,COC(=O)Cc1ccc(NC(=O)c2cccnc2N)cc1,0.004953333333333352
68,CCOCCc1c(O)nc(SCc2ccc(F)cc2)[nH]c1=O,-4.531499999999998
69,CN(CCOc1ccccc1F)C(=O)Nc1ccc2c(c1)COC2,-0.5159366666666666
70,O=C(Nc1cc(Cl)cc(Br)c1O)c1cnc[nH]1,0.14007833333333328
71,CCN(Cc1ccccc1)C(=O)CNC(C)c1cnc(C)s1,-0.8068716666666663
72,CCCNC(=O)Cn1ncn2nc(-c3cccs3)cc2c1=O,-1.1305466666666661
73,Cc1ccc(CN2CCN(C(=O)COc3ccc(F)cc3)CC2)cc1,0.09103833333333336
74,Cc1nc2nc(C)c3c(=O)n(-c4nc5ccccc5[nH]4)ccc3n2n1,-0.37614000000000003
75,CN(Cc1cccnc1)C(=O)c1cccc(N2CCOC2=O)c1,-2.1082316666666663
76,CC(=O)c1c(C)[nH]c(C(=O)N(C)Cc2cnn(C)c2)c1C,-0.9743566666666663
77,CCNC(=O)Cn1nc(-c2ccc(Cl)cc2)ccc1=O,0.2755033333333334
78,O=C(c1cc(F)ccc1Br)N1CCOC2CCCC21,-0.0047216666666666865
79,Cc1nc(-c2ccc(S(=O)(=O)N3CCOCC3)cc2)co1,-0.42295500000000014
80,C#CCN1CCC(C(=O)Nc2cccc(CN(CC)C(C)=O)c2)CC1,-2.080546666666666
81,CN(CC(N)=O)C(=O)C(C)(C)Oc1ccc(Cl)cc1,-0.03911166666666665
82,CC(=O)c1ccc(NC(=O)CCCc2csc(C)n2)cc1C,-0.28804666666666656
83,O=C(CCNC(=O)c1ccco1)NC1c2ccccc2CC1O,-0.5483716666666667
84,COCCN1C(=O)c2ccccc2NC1c1cccs1,-0.7406199999999995
85,CCCCOc1cccn(Cc2ccc(C#N)cc2)c1=O,-0.6056700000000003
86,COc1c(Cl)ccc2c1C(CC(C)(C)C)NCC2,1.1435500000000007
87,OCCC(NCc1ccc(Cl)c(Cl)c1)c1ccccc1,0.2157033333333334
88,COc1ccnc(N2CCCC2c2c(C)nn(C)c2OC)n1,-0.11040499999999996
89,CC(=O)c1cncc(-c2ccc(C(F)(F)F)cc2)c1,-1.8934549999999981
90,CN(C)c1nnc(SCc2noc(-c3ccc(F)cc3)n2)s1,-0.61298
91,Cc1csc(C(C#N)C(=O)c2cccc(OCc3cccnc3)c2)n1,-1.7583116666666663
92,CC1(C)CNC(=O)c2nc(-c3coc(-c4ccccc4)n3)[nH]c2C1,-2.733099999999999
93,Cc1ncc2c(n1)C1(CCCN(S(C)(=O)=O)C1)OCC2,-3.0223050000000007
94,Cc1cccc(C2(CNC(=O)c3ccn(C)c(=O)c3)CCCCC2)c1,-1.5462316666666667
95,CCN(CC1CC1)C(=O)NCc1ccc(C)s1,-0.5605466666666669
96,O=S(=O)(NC1CCCc2cn[nH]c21)c1cncc(Cl)c1,0.25414499999999995
97,C=CCn1c(C)nnc1SCC(=O)Nc1ccnn1C1CCCC1,-1.3429716666666658
98,CNc1nc(CC(=O)c2ccccc2)nc(NC)n1,-1.4074049999999994
99,CCN(CC(C)C(=O)OC)S(=O)(=O)c1ccc2[nH]c(=O)[nH]c2c1,-4.1598066666666655
100,O=C(NCc1ccccc1F)Nc1c(F)cccc1F,-0.17919666666666673
101,Cc1nc(C(C)NS(C)(=O)=O)n(-c2ccc(Cl)c(Cl)c2)n1,-1.0053149999999997
102,Cc1ccccc1CNC(=O)CCNS(=O)(=O)c1cccs1,-0.6312216666666668
103,CCCS(=O)(=O)NCC(=O)c1cc(C)ccc1OC,0.011003333333333334
104,Cc1c(C(=O)OCc2cnn(-c3ccccc3)n2)cnn1C,0.6039883333333329
105,Cc1ccccc1NC(=O)C(C)Sc1nc(N)c(C#N)cc1C#N,-0.7663566666666667
106,Cc1noc(C2CCN(C(=O)c3cccnc3N(C)C)CC2)n1,-0.24899666666666673
107,CN1c2ccccc2C(=O)NC1c1csc(-c2ccco2)n1,-0.6789799999999998
108,CC(C)(C)n1cc(NC(=O)NCC(F)(F)F)cn1,-0.481655
109,Cc1csc(CN(C)C(=O)NCC(C)Oc2ccccc2C)n1,-0.49436166666666664
110,O=C(CSc1n[nH]c(=O)n1C1CC1)NCc1ccccc1,-0.8774966666666663
111,COc1cccc(C(=O)Nc2cccc(-c3nc4cnccc4o3)c2)c1,-3.3876116666666642
112,COc1ccc(Br)c(CN2CCOC3(CCC3)C2)c1,0.11629499999999997
113,COc1cc(OC)c2c(N(C)C)cc(C#N)nc2c1,-0.018005000000000004
114,N#Cc1ccc(C(=O)NCc2noc(CCc3ccccc3)n2)cc1,-4.052499999999999
115,CCN(Cc1ccco1)S(=O)(=O)c1ccc2c(c1)NC(=O)CO2,0.3999949999999999
116,CC(=O)c1cc2c(cc1NC(=O)c1ccc(F)cc1)OCO2,-1.4102716666666657
117,COCCN(C)C(=O)NC1CCc2c(Br)cccc21,-0.7358216666666664
118,CC1CCCN(C(=O)Nc2cccc(N3CCCNC3=O)c2)C1CO,-2.8635466666666667
119,O=C1CC(c2ccccc2)N(C(=O)Cc2noc3ccccc23)CCN1,-2.6671000000000022
120,CC(C)N1CC(C(=O)NC(c2ccccc2)C(F)(F)F)CC1=O,-1.5920133333333346
121,O=C(Cc1csc(-c2cccc(F)c2)n1)NC1CC1,-1.8807216666666648
122,COC(=O)C(C)Oc1ccc(CN2CCOC(C)C2C)cc1,-1.8770216666666668
123,COc1ccc(C2Nc3cc(Cl)ccc3C(=O)N2C)cc1F,0.010854999999999986
124,CC1(CNC(=O)c2cnc(C3CCCO3)s2)CCCO1,-1.5605916666666662
125,Cc1nn(C)c2ncc(NC(=O)c3cc(Br)cn3C)cc12,0.06529333333333337
126,O=C(NCCCO)C1CCN(C2=NC(Cl)=NC3=NC=NC32)CC1,-0.006121666666666743
127,Cc1cc(COC(=O)c2cc(C)nn2C)nc(N2CCCCC2)n1,0.1698033333333334
128,CCn1c(=O)c2[nH]c(N)nc2n(CC(C)C)c1=O,-0.08630500000000005
129,CC(C)Oc1ccc(NC(=O)c2ccc(NS(C)(=O)=O)cc2)cc1,-1.2859900000000002
130,CS(=O)(=O)c1cccc(OCc2nc(-c3cccs3)no2)c1,-0.934395
131,COc1ccc(S(=O)(=O)NC(C)C(N)=O)cc1C,-0.2232616666666667
132,COc1cccc(NC(=O)Nc2ccn(CCc3ccncc3)n2)c1,-1.8704116666666664
133,Cc1cc(C)c(NC(=O)c2ccc(F)cc2F)c(C)c1,-0.39389666666666673
134,Cc1cccn2c(=O)nc(SCC(=O)N3CCOCC3)nc12,-0.021296666666666672
135,CC(=O)N1C=Cc2ccccc2C1CC(=O)OC(C)c1ccccn1,-0.6189466666666669
136,O=C(c1c[nH]nn1)N(Cc1ccccc1)C1CCCCC1O,-2.418071666666666
137,CCOC(=O)CNC(=O)c1cc(OC)ccc1OC,-0.03696166666666665
138,Cc1ccc(NC(=O)CNC(=O)c2ccc(C)s2)nc1,-0.28804666666666656
139,CCCC1CN(C(=O)Cc2c(C)noc2C)CCO1,-0.3899966666666668
140,O=C(CSc1nc(=O)n2ccccc2n1)N1CCc2ccccc21,-0.9585966666666665
141,N#Cc1ccccc1OS(=O)(=O)c1ccc(Cl)cc1,0.09768000000000006
142,N#CC(NC(=O)Cc1ccc(F)cc1F)c1ccccc1F,-1.8517800000000029
143,N#Cc1cc2c(nc1SC1CCOC1=O)CCCC2,-0.6829649999999999
144,COc1ccc(CNC(=O)Nc2nnc(Cc3ccccc3)o2)cc1,-1.212719999999999
145,CC(NC(=O)c1n[nH]c(=O)[nH]1)c1ccc(OC(F)F)cc1,-2.8013566666666687
146,COc1ccc(OC)c(C(=O)CNC(=O)Cc2ccccc2)c1,-3.0714316666666686
147,COc1cccc(-c2cc(C(=O)NCCCc3ccncc3)[nH]n2)c1,-0.7246966666666664
148,O=S(=O)(NCCCn1cncn1)c1ccc(F)cc1Cl,-3.5285000000000015
149,Cc1ccc2ncc(C(=O)Nc3cccc(F)c3)n2c1,-2.8736916666666645
150,CC(CNC(=O)C1CCN(c2cnccn2)CC1)c1cccs1,-1.1830066666666663
151,NC(=O)NCc1ccc(NC(=O)C2(c3ccc(Cl)cc3)CC2)cc1,-0.5288800000000002
152,CCc1ccccc1NS(=O)(=O)c1ccc2[nH]c(=O)[nH]c2c1,-3.267615
153,Cn1cc(C(=O)N2CC3CCCC3(COCc3ccncc3)C2)cn1,-1.3243366666666656
154,CC(C)Cc1ncc2c(n1)CN(C(=O)COc1ccccc1Cl)C2,0.3389883333333333
155,O=C(NCCCc1nc2ccccc2[nH]1)c1ccc2[nH]nnc2c1,-2.0430966666666666
156,CCN(CC(=O)NC(C)(C)C)C(=O)Cn1ccc(C(F)(F)F)n1,-0.35783000000000004
157,CCN(CC)C(=O)Oc1cc(=O)n(C)c2ccccc12,-0.6110116666666667
158,Nc1c(Cl)ccc2c1CS(=O)(=O)N(c1ccccc1)C2,0.09084499999999998
159,CC(C)CN(CC(N)=O)S(=O)(=O)c1c(Cl)cccc1Cl,0.27160333333333336
160,CC(=O)Nc1cc(NC(C)=O)cc(C(=O)NCc2ccccn2)c1,-3.3754066666666684
161,Nc1ccc(S(=O)(=O)N2CCCCCC2)cc1,-0.32968999999999987
162,COCCn1cc2c(n1)C(CNC(=O)c1ccc(C)o1)OCC2,-1.0807366666666658
163,Nc1c(NCCc2cccs2)ncnc1-n1nnc2ccccc21,-0.4421499999999999
164,CN(Cc1nnc2n1CCC2)C(=O)NC1CCc2ccccc21,-0.8632566666666665
165,CC(C)NS(=O)(=O)c1ccc(Br)cc1,0.03146999999999998
166,O=C(c1ccccc1)N(Cc1ccccn1)c1ccc(F)cc1,-3.886366666666669
167,Nc1cccc(CCNCc2ccccc2Cl)c1,0.45526999999999995
168,Cc1cc(C(=O)NCc2ccco2)c(C)n1Cc1ccco1,-0.17769666666666661
169,CCN1CCc2nc(NC(=O)C3(C)CC3(Cl)Cl)sc2C1,-0.8005466666666663
170,O=C(NCc1csc(=O)[nH]1)c1cncc(-c2ccccc2)c1,-1.6768216666666662
171,CC(C)NC(=O)CCCC(=O)Nc1c[nH]cc(Br)c1=O,-1.6069466666666683
172,Cc1ccc(NC(=O)C(C)Sc2nncn2N)c(C)c1,-0.691721666666667
173,CN(CCCCc1ccccc1)C(=O)NCc1ncn(C)n1,-0.17669666666666667
174,CC(C)(CNC(=O)C12CC3CC(CC(C3)C1)C2)N1CCOCC1,-1.6446466666666657
175,Cc1cccc(C(=O)NCc2cccnc2OCC(F)(F)F)c1C,0.17258833333333332
176,CCc1ncc(C(=O)N2CCC(c3nncn3C)CC2)cn1,-2.2994466666666664
177,CC(C)n1cc(S(=O)(=O)N2CCN(S(C)(=O)=O)CC2)cn1,-4.544150000000004
178,Cc1ccc(S(=O)(=O)Nc2ccc(N3CCNC3=O)cc2)cc1C,-0.4794049999999999
179,COCCNC(=O)C1CCC(=O)N(C)C1c1cccs1,-1.5303616666666664
180,c1coc(-c2nc(Cn3nnc(-c4ccsc4)n3)cs2)c1,-2.0493299999999994
181,CC(=O)Nc1cccc(NC(=O)CCOc2cccc(N)c2)c1,-1.9894216666666664
182,Cc1ccccc1NC(=O)C1CCCN1C(=O)Oc1ccccc1,-0.36126166666666665
183,Cc1ccc(CN(CC(N)=O)S(=O)(=O)c2ccc(C)cc2)cc1,-0.4419966666666667
184,Cn1ccnc(NC(COc2ccccc2F)c2ccccc2)c1=O,-0.5590650000000003
185,CCn1c(=O)c(=O)[nH]c2cc(C(=O)N3CCN(C(C)=O)CC3)ccc21,-1.4489716666666663
186,O=C(Nc1cccc(-c2ccn[nH]2)c1)c1ccc(-n2cnnn2)cc1,-3.1927816666666655
187,COc1ccccc1C(C)NC(=O)c1ccc(CNC(N)=O)cc1,-2.6782550000000027
188,COc1cc2c(=O)c(C#N)c[nH]c2cc1OCc1ccccc1,-0.4987750000000004
189,Cn1cc(N2CCN(Cc3ccsc3)CC2=O)cn1,-0.560055
190,CC(C)Cc1cc(-c2nc(-c3ccsc3)no2)[nH]n1,-1.5138549999999995
191,O=C(CCCc1nc2ccccc2[nH]1)NCc1ccccc1,-0.1795966666666667
192,COC(=O)C(NC(=O)c1ccc(Cl)cc1Cl)C(C)C,-0.8927216666666662
193,CNC(=O)C(C)NC(=O)C(C)(C)NC(=O)OC(C)(C)C,-1.3398716666666666
194,OC(CCc1cccc2ccccc12)c1ccccn1,-1.0097066666666665
195,O=C(NCCOC(=O)c1csc2c1CCCC2)c1ccncc1,-1.3665366666666658
196,CCCCCC(=O)Nc1ccc(CC(=O)NC)cc1,-0.2386966666666666
197,CN(CCc1ccc(F)cc1)c1ncnc2nc[nH]c12,-5.825700000000001
198,CC(=O)c1csc(-c2ccc3c(c2)OCCO3)n1,-2.3922466666666646
199,CC(C)OCC(=O)N1CCOC(c2ccc(Cl)cc2)C1,0.12863833333333333
200,Cc1cc(C(=O)N2CCC(O)C2Cc2ccccc2)c(C)o1,-0.7668966666666663
201,CCC(C)NC(=O)c1nn(-c2ccc(C)cc2)nc1CO,-1.4955466666666677
202,CCCC(C)NC(=O)COc1cccc(C)c1N,-2.266866666666667
203,CS(=O)(=O)NC1CCN(c2cccc(F)c2C#N)CC1,-0.5747300000000003
204,N#CCOc1cccc(CC(=O)NC2CCCC2)c1,-1.6625066666666666
205,CCCN(CC(F)F)C(=O)C(C)NC(=O)c1ccco1,-1.2267066666666653
206,CC(Sc1ncc2ccccn12)C(=O)NCC(F)(F)F,-1.1861299999999992
207,CN(C)c1ncccc1C(=O)Nc1cc2c(cc1Cl)OCO2,0.2157033333333334
208,CN1CCN(S(=O)(=O)c2cn(C)cn2)CC1c1ccccc1,-0.57023
209,COc1cccc(CC(=O)Nc2nnc(-c3sc(C)nc3C)o2)c1,-0.8860616666666662
210,Cc1nnc(N2CCC3(CC2)OCCCC3O)o1,-0.5027716666666668
211,CCS(=O)(=O)NCCNc1ncnc2[nH]cnc12,0.24559999999999993
212,CC(=O)Nc1ccc(S(=O)(=O)N2CCc3[nH]cnc3C2)cc1,-0.34884666666666675
213,CCc1ccc(-c2cc(C#N)nn2CC(O)CO)cc1,-1.6266416666666665
214,C=CCn1nc2n(c(=O)c1=O)CCN2c1ccc(OCC)cc1,-0.4508149999999999
215,CC(CNC(=O)c1ccc(F)nc1)N1CCc2ccccc21,-3.7749666666666672
216,Cc1c(C(=O)N2CCOCC2C2CC2)cnn1-c1ccc(F)cc1,-1.9466466666666689
217,O=C(CSc1ccccc1F)NC1CCCCC1,-1.9720316666666668
218,Cc1noc(C2CCCN2C(=O)c2c(C)noc2C)n1,-0.8242966666666665
219,Cc1ccc(C#N)c(N2CCC(O)(C3CCOCC3)C(C)C2)n1,-2.635639999999999
220,Cc1ccc(CNC(=O)c2ccc(C)c(N)c2)cn1,-1.6329216666666662
221,CC(C)CCCNC(=O)Nc1ccc(F)cc1C#N,-0.46709666666666677
222,CC(NC(=O)Nc1ccc2oc(=O)ccc2c1)C(=O)NC(C)(C)C,-1.5716133333333349
223,Cc1cccc(OC(C)C(=O)Nc2ccccc2-n2ccnc2)c1,0.5492833333333336
224,CC(C#N)CN(C)C(=O)c1[nH]c2ccccc2c1Cl,-1.0743416666666668
225,O=C(c1cccc(F)c1)N1CCC(c2nnc(-c3ccco3)o2)CC1,-2.5494966666666645
226,CCC(=O)Nc1cc(Cl)ccc1N1CCN(C(=O)C(C)C)CC1,0.34188333333333326
227,NC(=O)C1CCCC1NC(=O)C1COc2ccc(F)cc2C1,-0.7988466666666666
228,COCCCCNC(=O)N1CCCC(C(=O)Nc2nccs2)C1,-0.3611316666666666
229,O=S(=O)(NCc1cccnc1)c1ccc(Cl)cc1F,0.33327000000000007
230,COCCn1ccc2ccn(Cc3cccc(F)c3)c(=O)c21,-1.021195
231,O=C(c1cnccn1)N1CCC(O)C1Cc1cccnc1,-0.6442966666666665
232,COc1ccc(OC)c(NCc2ccc(C#N)cc2)c1,-0.5103700000000001
233,Cc1c(C(=O)NCC2CCCO2)nnn1-c1ccccc1,-1.0063716666666662
234,CCC(NC(=O)c1ccc(C(C)(C)C)[nH]c1=O)c1ccc(OC)cc1,-1.4465316666666672
235,CCOc1ccc(Nc2ncccc2C(=O)OCC#N)cc1,-0.9645316666666666
236,CC(NC(=O)Nc1ccc2c(c1)COC2)c1cn(-c2ccccc2)nn1,-1.515346666666668
237,Cc1noc(C)c1CCC(=O)NCC1(O)CCCC1,-0.4180816666666669
238,CCC(C)NC(=O)c1cc(S(=O)(=O)N2CCCC2)ccc1Cl,-0.9960466666666661
239,N#Cc1cccc(C(=O)Nc2sccc2C(=O)NC2CC2)c1,-2.823966666666666
240,Cc1ccccc1CN(C)C(=O)C(C)Sc1nnc(C2CC2)n1C,-0.9449716666666664
241,Cc1ccc(F)cc1NC(=O)CSc1n[nH]c(N)n1,-0.4756716666666667
242,Cc1ccccc1-n1ncc2c(=O)n(CC(=O)N(C)C)cnc21,-0.4061816666666667
243,CCc1cccc(NC(=O)c2cc(C3CC3)nc3c2c(=O)[nH]n3C)c1,-2.2781716666666667
244,Cc1ccc(CNC(=O)c2n[nH]c(=O)[nH]2)c(N(C)C)c1,-2.2228666666666665
245,O=C(CCN1CCCC1=O)Nc1cc(F)c(F)c(F)c1,-0.5194166666666665
246,Cc1cccc(NC(=O)CSc2nnnn2C2CCCC2)n1,-1.4694666666666651
247,Cc1cccc(C)c1NC(=O)NCc1ccccc1,-0.2307966666666667
248,Nc1cc(F)ccc1NC(=O)c1c(F)cccc1F,0.16705333333333333
249,Cc1cccc(CS(=O)(=O)NCc2ccsc2)c1,-0.25057999999999997
250,O=C(CCC(=O)c1ccccc1)Nc1cccc(F)c1,-3.305221666666664
251,Cc1nc(C)c(CNCc2cccc(CN3CCOC(C)C3)c2)s1,-1.614599999999999
252,COC(=O)c1ccc(NC(=O)NC2CCC(=O)N(C)C2)cc1Cl,-1.160311666666666
253,O=C(NCc1nc(-c2cccc(F)c2)c(-c2ccccn2)[nH]1)C1CC1,-1.2047716666666672
254,COc1ccccc1N1CCN(C(=O)CN(C)S(C)(=O)=O)CC1,-0.1981316666666666
255,Cc1csc(S(=O)(=O)C(C)C(=O)Nc2ccc(F)c(F)c2)n1,-0.3269466666666666
256,Cc1ncc(Cl)c(C(=O)NC(C)c2ccc(C)c(F)c2)n1,-0.7133466666666662
257,CCCSc1ccc(N)c(NS(=O)(=O)CCC)c1,-0.002605000000000006
258,O=C(NCCc1nc(-c2ccc(F)cc2)no1)c1ccco1,-1.5569716666666664
259,CC(=O)Nc1ccc(NCc2cccc(F)c2)cc1,-1.622621666666666
260,O=C1c2cnc(N3CCC(O)CC3)nc2CN1c1ccc(Cl)cc1,-0.6752066666666665
261,CCc1ccc(C(C)NC(=O)CN2CCOCC2(C)C)cc1,-0.8704666666666665
262,COCCc1ncc(C(=O)N2CCOCC2)c(N)n1,-0.6019966666666666
263,Cc1cc(CN(C)C(=O)c2ccc(N3CCOC3=O)cc2)no1,-2.7669566666666667
264,O=C(CSc1nncs1)Nc1cc(F)ccc1F,-1.2126216666666663
265,CCOc1cc(F)ccc1NC(=O)C1CCCC1,-0.20191166666666688
266,c1ccc(NCc2n[nH]c(-c3cnccn3)n2)cc1,-0.8412049999999993
267,COC(=O)c1ccnc(-c2nc(=O)c3c([nH]2)sc2ccccc23)c1,-2.9967066666666686
268,Cc1noc(C)c1CC(=O)N1CC(c2nc(-c3cccs3)no2)C1,-1.7940216666666664
269,c1ccc2c(C3NCCc4ccc5c(c43)OCO5)c[nH]c2c1,-0.4003300000000001
270,O=C(Cc1cccnc1)N1CCN(c2ncnc3ccccc23)CC1,-0.03752166666666664
271,CCNC1=NS(=O)(=O)c2cc(Cl)ccc2N1,0.33777
272,CCOC(=O)Cc1nnc(NC(=O)OCC)s1,-0.04852166666666671
273,CCOC(=O)c1ccc(N2Cc3cccc(OC)c3OCC2=O)cc1,-1.2916966666666656
274,C#CCNC(=O)CSc1nnc(C)n1-c1ccccc1C,0.04969333333333328
275,CC1CCN(C(=O)CN(C2CCCCC2)S(C)(=O)=O)CC1,-1.5247166666666674
276,CNC(=O)Cc1ccccc1NC(=O)NC1CCc2ccccc2C1,-2.204721666666666
277,CCN(CC(C)C#N)C(=O)CNc1cccc(Cl)c1-n1cccn1,-0.2504416666666667
278,COc1ccc(S(=O)(=O)NCC2(O)CCOCC2)cc1Cl,0.2100633333333333
279,CN(C(=O)c1ccccc1OCC1CC1)C1(C#N)CCC1,-1.7263716666666655
280,CC(=O)N1CCc2c(c(-c3cccc(N)c3)nn2C(C)(C)C)C1,-1.3802549999999993
281,CCN(C(=O)C1CC(=O)N(CCOC)C1)c1ccc(F)c(F)c1,-0.5979666666666666
282,O=C(Nc1ccc(C(=O)NC2CC2)cc1)c1cc2cccnn2c1,-2.7469049999999986
283,CCC(NC(=O)N1CCOCC1C1CC1)c1ccc(Cl)cc1,-1.027906666666666
284,COC(=O)Nc1ccc(NC(=O)NCc2cnn(C)c2)cc1,-0.3456116666666667
285,CC(=O)c1ccc(OCc2nc(CC(C)C)no2)cc1,-1.1672366666666658
286,COC(=O)C(NC(=O)c1cc(C)no1)c1cc(F)ccc1F,-1.5129066666666662
287,CCS(=O)(=O)NC1CCN(C(=O)c2ccc(F)cc2)CC1,-1.5474716666666664
288,Cc1noc(C)c1C(C)NC(=O)Cc1csc(C(C)C)n1,-1.7349466666666686
289,CCCCC(=O)OCC(=O)Nc1c(C)cc(C)cc1C,-0.27066166666666674
290,CNS(=O)(=O)c1ccc2c(c1)N(C)C(=O)C(C)O2,-1.9551799999999997
291,O=C(C(c1cccc(O)c1)N1CCOCC1)N1CCNCC1,-1.6671
292,CCCN(CC(=O)OC)C(=O)c1ccc(C)s1,-0.8402216666666656
293,CCCc1ncc(C(=O)N(CCC)CCC)c(N)n1,-1.1575316666666664
294,COc1ccccc1CCc1nc(-c2ccc(=O)[nH]c2)no1,-1.2694499999999989
295,COCCOc1ncccc1NC(=O)NCc1ncc[nH]1,-0.21464666666666665
296,Cn1ncc2c(=O)n(CCOc3ccccc3)cnc21,0.2862599999999999
297,CC(C)n1c(CCNC(=O)Cc2ccc(F)cc2)nc2cccnc21,-2.0088566666666665
298,C=CCn1c(SCCC#N)nnc1-c1ccoc1C,-2.6620749999999997
299,Cc1ccc(S(C)(=O)=O)cc1S(=O)(=O)Nc1c(C)n[nH]c1C,0.9180699999999992
300,COCCNC(=O)c1ccc(-n2nnc3ccccc3c2=O)cc1,-1.9175816666666665
301,CCc1noc(CNc2cccc(C#Cc3ccccc3)c2)n1,-0.054055000000000034
302,Cc1nc(C(=O)N(C)CC(=O)NC2CC2)nn1-c1ccc(Cl)cc1,-2.7611816666666664
303,Cc1cnn(CC2CCCN2C(=O)c2ccccc2OCC2CC2)c1,-1.9297166666666663
304,O=C(NCc1cc(Cl)c2c(c1)OCCCO2)Nc1ccccc1,0.04637833333333329
305,CC(NC(=O)CCC(=O)Nc1nccs1)c1ccc(F)c(F)c1,-1.217646666666666
306,C#CCSc1nnc2c3ccccc3n(CC=C)c2n1,-0.23930000000000015
307,CC1CN(Cc2ccnn2C)CC(c2ccccc2)O1,-1.8818300000000001
308,CC(C)(C)NC(=O)NC1CCN(C(=O)c2cccc3ccoc23)C1,-3.462454999999998
309,CCC(=O)NC1CCCN(C(=O)c2c(C)cc(C)cc2C)C1,-1.6877066666666665
310,Cc1c(C)c(C)c(S(=O)(=O)N2CCC(O)CC2)c(C)c1C,-0.4060966666666667
311,Cc1cccc(S(=O)Cc2ccc(Cl)cc2N)c1,1.2326350000000001
312,O=C(NCC1(CO)CC1)c1cc(C(F)(F)F)cc(C(F)(F)F)c1,-2.1059699999999997
313,COc1cccc(-c2nc3sccn3c2CC#N)c1,-0.9469649999999996
314,CCn1c(SCC(=O)c2ccccc2)nnc1-c1cccnc1,-2.1143466666666653
315,O=C(NC1CCCCCC1)c1ccc(=O)n(Cc2ccc(F)cc2)n1,-1.8367916666666668
316,COc1ccc(C)cc1CN1C(=O)C(C)CS1(=O)=O,-0.973195
317,COc1ccc(CNC(=O)c2c(C)nn(Cc3ccccc3)c2C)cc1,-5.337913333333336
318,Cc1ccc(O)c(C(=O)NCCc2ccc3c(c2)OCCO3)c1,-0.21929666666666667
319,CCn1c(C2CC(=O)N(c3ccccc3)C2)nc2ccccc21,-0.39960166666666674
320,O=C(NC1CCCC1)N1CCC(O)(C(F)(F)F)CC1,-1.7998899999999998
321,CC(=O)Nc1ccc(Nc2ncnc(N3CCCCCC3)c2N)cc1,-0.05891666666666663
322,Cc1cc(C)cc(-c2nnc(SCC(N)=O)o2)c1,-2.670841666666666
323,CSc1nsc(NC(=O)NCc2nc(C)sc2C)n1,-3.0714666666666695
324,Cc1ccc(C)c(C(C)NC(=O)C(C)NC(=O)c2ccco2)c1,-2.917681666666667
325,COCC1CCCN(C(=O)c2ccc(-c3ccccc3)cc2)C1,-1.6486716666666663
326,COc1ccc(C(=O)NC(C(=O)Nc2cccnc2)C(C)C)cc1,-1.8069966666666688
327,CN1C(=O)C(c2cccnc2)CC12CCN(c1ncc(F)cn1)CC2,0.5075433333333329
328,CN1CC(=O)N2CCN(C3CCN(S(C)(=O)=O)CC3)CC2C1=O,-0.7567799999999998
329,COCCN1CCC2(CCCN(C(=O)c3cnoc3C)C2)C1=O,-1.0351816666666664
330,O=c1c(Cl)c(N2CCc3ccccc3C2)cnn1-c1ccccc1,-0.5721899999999999
331,Nc1cnnc(-c2cc(Br)ccc2F)n1,-1.7696299999999996
332,O=C(NCCCCN1CCOCC1)c1ccc(F)cc1,-0.7219716666666663
333,COc1ccc(C(=O)COC(=O)c2ccc(Cl)c(N)c2)cc1F,-0.950246666666666
334,Cc1cc(C2CCCN2C(=O)c2ccc(C(N)=O)nc2)on1,-2.758021666666666
335,COc1cc(C#N)cc(Cl)c1OCC(=O)NCC(C)C,0.10381333333333323
336,Fc1ccc2nc(CN(Cc3cccnc3)Cc3ccco3)ccc2c1,-0.37892999999999993
337,Cc1ccc2[nH]nc(C(=O)N(C)Cc3ccc(C)o3)c2c1,-0.37163166666666636
338,CCNC(=O)c1ccc(C)c(NCc2cccc(C(=O)NC)c2)c1,-1.4550716666666659
339,Cc1noc(C)c1Cn1nnc(CO)c1C1CCC1,-0.7338966666666664
340,NC(=O)CCSc1ccccc1NC(=O)Cc1ccccc1Cl,0.7624683333333334
341,COc1cc(CO)ccc1OCc1cn2ccccc2n1,-2.053856666666667
342,Cc1noc(C)c1CCCNC(=O)N1CC(C)CCC1C,-1.2276066666666672
343,Cc1ccc(NC(=O)N2CCN(S(C)(=O)=O)CC2)cc1C,-1.9290000000000012
344,COc1ccc(F)cc1S(=O)(=O)NCCN1CCOCC1,0.20870500000000003
345,Cc1sc(-n2cccc2)c(C(=O)Oc2cccc(C(N)=O)c2)c1C,-1.8890116666666665
346,O=C(Nc1cccc(Cl)c1O)c1ccn2cncc2c1,-0.4979066666666672
347,Cc1ccc(C)c(C(=O)COC(=O)c2nc3nc(C)cc(C)n3n2)c1,-1.1505666666666676
348,CC1CN(C(C)(C)CNC(=O)c2cc[nH]n2)CC(C)O1,-3.386456666666669
349,COc1ccc(C2CCCCCN2C(=O)CSc2ncn[nH]2)cc1,-0.46393166666666674
350,Cc1cc(N2CCCC2c2cccc(C)n2)ncn1,-0.5924750000000006
351,COc1cc(C)c(C)cc1C(=O)CCc1nc(C)cs1,-0.18326166666666666
352,CC(C)(C)OC(=O)NC1(C(=O)NCC2CC2)Cc2ccccc2C1,-0.3660616666666667
353,O=C(NC1CCC(NC(=O)C2CC2)CC1)C1CC1,-0.9626466666666665
354,COc1cccc(CNC(=O)c2cccc(C#N)c2)c1,-1.582171666666666
355,CS(=O)(=O)N1CCC(c2nccnc2-c2cn[nH]c2)CC1,-4.424030000000003
356,O=C(Nc1nncs1)c1cc(-c2ccccc2F)on1,-0.7317166666666663
357,COc1ccccc1NC(=O)N(C(C)C)C(C)C,-0.25066166666666667
358,Cc1ccc(OCC(=O)N(C)Cc2ccc3c(c2)OCCO3)cc1C,0.22010499999999988
359,N#CCSc1nc2cc(Cl)ccc2c(=O)n1Cc1ccco1,-0.8322749999999999
360,CNC(=O)C1(NC(=O)c2cnn(C(C)(C)C)c2)CCCCC1,-1.4160316666666657
361,CN(C)S(=O)(=O)c1ccc(NC(=O)C#Cc2ccccc2)cc1,0.0790433333333333
362,COCCCCN1CCOC(c2ccc(Br)cc2)C1,-0.9681699999999993
363,Cc1cc2nc(C(=O)NCc3ccc(F)cc3)c(=O)n(C)c2cc1C,-2.4389000000000003
364,CN(C)c1nc(N)nc(CSc2nc(-c3ccccc3)n[nH]2)n1,-1.4099399999999997
365,CCC1CCCN(C(=O)Nc2cccc(Oc3ncccn3)c2)C1,-1.6394000000000009
366,COc1ccncc1NC(=O)c1ccccc1OC(C)C,0.46210333333333325
367,C=C(C)Cn1c(-c2ccc(F)cc2)ccc(C#N)c1=O,-0.4393966666666668
368,CCc1nnc(SC(C)C(=O)c2ccc(OC)cc2)n1N,-1.0254616666666665
369,CN1CC2(CCCCN2C(=O)Cc2ccsc2)CC1=O,-0.46324666666666675
370,CC(C#N)CN(C)C(C(=O)N1CCOCC1)c1ccccc1,-1.4714116666666661
371,NC(=O)CCN(Cc1ccccc1)C(=O)C1CC2CCC1O2,-1.1943799999999996
372,Cc1ccc(C)c(C(C)NC(=O)N2CCCC(CC(N)=O)C2)c1,-2.974781666666667
373,Nn1c(SCc2nnc(C3CC3)o2)nnc1-c1ccccc1F,0.40400999999999987
374,Cc1ccc(C2N(c3ccccn3)C(=O)C3CCCN32)o1,-2.6306633333333327
375,CCN(Cc1ccncc1)C(=O)C1(C)CC1(Cl)Cl,-0.08889666666666667
376,CC(c1ccccc1F)N(C)C(=O)c1cn(Cc2ccccc2)nn1,-1.4817649999999996
377,O=C(c1ccc(F)cc1F)N(CCO)Cc1ccccc1,-0.9586566666666663
378,Cc1cc(NC(=O)C(C)(C)C)sc1C(=O)N1CCNC(=O)CC1,-0.5090966666666668
379,CCCn1cc(NC(=O)Nc2cc(-c3ncco3)ccc2C)cn1,-1.0033066666666663
380,CCn1nc(C)c(NC(=O)C2(C)Oc3ccc(C)cc3NC2=O)c1C,0.5232783333333333
381,O=C(NCC(F)(F)F)C1CCN(C(=O)COc2ccccc2)CC1,-0.40104499999999993
382,O=C1OC(=C2OC(=O)c3ccccc32)c2ccccc21,0.0056699999999999615
383,CC(=O)N1CCN(c2ncccc2-c2nnc(C)o2)CC1,-1.0519716666666665
384,COC(=O)c1c(NC(=O)C(C)OC)sc2c1CCCCC2,-4.483950000000002
385,Cc1nc2c(c(N3CCC(O)C3)n1)Cc1ccccc1OC2,-1.0234466666666664
386,O=C(Nc1ncc(-c2ccccc2)s1)NC1(CCO)CCC1,-1.7798666666666656
387,CCOCC(=O)Nc1nnc(C2CCCCC2)s1,-0.7591466666666663
388,Cc1ocnc1CNS(=O)(=O)c1cnn(C(C)C)c1,-4.192800000000002
389,COc1ccc(OC)c2c1cc(C(=O)NC1CCCOC1)n2C,-1.1030116666666658
390,CC(Oc1ccc2c(c1)CCC2)C(=O)Nc1cc(=O)n(C)c(=O)n1C,0.1170383333333334
391,NC(=O)C1CN(Cc2c[nH]nc2-c2ccc(F)cc2)CCO1,-0.6989366666666664
392,c1nnc(-c2ccc(OCc3nc(-c4ccsc4)no3)cc2)o1,-2.1006200000000006
393,Cc1cccc(Cl)c1NC(=O)N1CCC(c2ccn[nH]2)CC1,-1.7350999999999999
394,CCn1ncn2c(=O)c3c4c(sc3nc12)COC(C)(C)C4,-1.94953
395,CC(NC(=O)c1cccnc1)OCC(O)c1ccc2sccc2c1,-1.4946716666666668
396,CN(CC1COc2ccccc2O1)c1nccn2cnnc12,-4.614500000000004
397,COc1ccccc1NC(=O)COc1ccc(Cl)cc1C(N)=O,0.3064883333333332
398,CN(C)c1cccc(C(=O)N2CCC(c3ccccc3)C2)c1,-1.2920966666666658
399,O=C(CCNc1ccc(F)cc1)c1cc2ccccc2oc1=O,-2.2666000000000013
400,CCCc1cc(=O)[nH]c(SCC(=O)Nc2ccc3c(c2)OCO3)n1,-3.0773666666666655
401,COCCOc1cccc(NC(=O)c2cccc(C)c2O)c1,-2.235971666666666
402,CSc1nsc(SCC(=O)Nc2ccc(C(N)=O)cc2)n1,-1.6217216666666665
403,Cc1cccc2c1C(c1cc(=O)[nH]c3ccccc13)NCC2,-2.011575000000001
404,O=C(NCCNc1ncccn1)c1ccc(F)c(F)c1,-1.7379716666666658
405,O=C1c2cnc(N3CCC(O)CC3)nc2CN1C1CCCC1,-0.43453166666666676
406,CCOc1cccc(C(C)NS(=O)(=O)c2cnn(C)c2)c1,-0.4253049999999999
407,Cc1ccccc1S(=O)(=O)N(CCC#N)C1CCCC1,-1.4093750000000005
408,Cc1cc(C2CCCCCN2S(=O)(=O)c2ccc(F)cc2)on1,-0.461965
409,COc1ccc(CCC(=O)Nc2cc(C)nn2C)cc1OC,-0.1316616666666666
410,O=C1OC(O)C(=O)C1c1ccc(Br)cc1,-0.06475666666666671
411,N#Cc1ccc(CCC(=O)N2CCN(Cc3ccccc3)CC2)cc1,-0.6648966666666667
412,CNC(=O)C1CCCCN1C(=O)CC(NC(N)=O)c1ccccc1C,-2.9786066666666695
413,Cc1ccc(-c2nonc2NC(=O)c2ccco2)cc1C,-0.6529816666666668
414,COc1ccccc1S(=O)(=O)N1CCC(n2c(C)ccc2C)CC1,-1.0146899999999996
415,COc1cc(C)c(S(=O)(=O)Nc2cccc(Cl)c2)cc1OC,0.9298950000000006
416,COC(=O)c1ccc(Cl)c(NC(=O)C2CC2)c1,-1.001536666666666
417,Cc1cccnc1NC(=O)C1(n2cnnn2)CCCCC1,-0.4379816666666668
418,CCc1ccc(-c2noc(CSc3nncn3C)n2)cc1,-2.2539
419,COC(=O)c1cc(CNC(=O)N2CCCCC2C)oc1C,-1.6573116666666667
420,CCC1COCCN1C(=O)c1c[nH]nc1-c1cccs1,-1.6607799999999993
421,COc1ccccc1NC(=O)CN1C(=O)c2ccccc2S1(=O)=O,-0.08918666666666669
422,Cc1noc(C)c1C(=O)Nc1ccc(Oc2ccc(F)cc2)cn1,-1.0495466666666668
423,CCN(C(=O)c1ccc(NC2CC2)nc1)c1ccc(OC)nc1,-2.0719966666666667
424,O=C(COc1ccccc1)Nc1ccccc1Cn1cccn1,-0.6306716666666665
425,COc1ccccc1CNCC(O)c1ccc(F)cc1,0.157005
426,COc1ccc(NC(=O)c2cccc(NC(C)=O)c2)c(N)c1,-2.9726216666666665
427,O=c1n(Cc2ccccc2)c2ccncc2n1Cc1nnc(C2CC2)o1,-1.0697049999999997
428,Cc1cccc(C(=O)N2CCCC(C(N)=O)C2)c1C,-0.7070066666666667
429,Cc1ccc(C(NC(=O)c2ccc(=O)n(C)n2)c2ccccc2)cc1,-1.5370066666666675
430,CC(C)CCn1nnc(CO)c1Cc1ccccc1,-0.42709666666666685
431,Cc1cc(NC(=O)NC(C)c2ccco2)c2ncccc2c1,-1.6669466666666688
432,CC(C(=O)N1CCCC1)n1nc(-n2cccn2)ccc1=O,-0.17919666666666673
433,O=C(c1ccc2c(c1)CCO2)N1CCOCC1C1CC1,-2.3656883333333325
434,CN(Cc1c(F)cccc1Cl)C(=O)CNC(=O)c1ccco1,0.13160333333333335
435,Cc1oc(-c2ccccc2)nc1C(=O)N1CCOCC1,-1.081256666666666
436,C=CCOC(=O)c1cccc(OC)c1OC(F)F,-0.0744616666666666
437,O=C(Nc1ccccn1)c1cc(C(F)(F)F)n[nH]1,-0.6953799999999998
438,CCOCCCNC(=O)c1cc(-c2cccc(F)c2)no1,-2.808886666666666
439,COc1ccc(S(=O)(=O)NCCC(=O)NC(C)(C)C)cc1,0.03203833333333333
440,CCCn1c(SCC(=O)Nc2nc3ccccc3s2)n[nH]c1=O,-1.755104999999999
441,CNC(=O)COC(=O)c1ccccc1SCc1cscn1,-0.007946666666666727
442,Cn1nnnc1-c1cccc(NC(=O)c2cc(F)cc(F)c2)c1,-3.429596666666665
443,O=C(NCC(=O)N1CCCC1)c1ccc(-n2cccc2)cc1,-2.3186549999999992
444,CC(=O)Nc1ccc(C(=O)NCC#CCOc2ccccc2F)cc1,-1.700754999999999
445,CCN(C(=O)CCc1nc(C)no1)c1ccc(F)cc1,-0.08889666666666667
446,Cc1ccccc1SCC(=O)N1CCC(CO)C1,-0.5607216666666667
447,Cc1nc(CNC(=O)c2nc(-c3ccccc3)oc2C2CC2)oc1C,-1.553756666666666
448,O=C(c1c[nH]c2ccccc12)C(NCC1CCCO1)c1ccccc1,0.016528333333333315
449,CC(C)C(C(c1ccccc1)c1ccccn1)N1CCOCC1,1.075335
450,c1cc(-c2nc(CN3CCCC4(C3)OCCO4)no2)co1,-1.2058649999999995
451,Nc1cnccc1C(=O)Nc1ccc(F)c(Cl)c1,0.2165283333333335
452,CS(=O)(=O)N1CCC(NC(=O)CCOc2cccc(F)c2)CC1,-1.8633616666666648
453,CCN1CC(C(=O)N2CCCc3cccc(C)c32)CC1=O,-1.0089666666666668
454,COc1cc(NC(=O)c2cccnc2)c2ncccc2c1,-1.450536666666666
455,N#Cc1ccc(-c2noc(C=Cc3cncc(F)c3)n2)nc1,-2.5047799999999993
456,Cc1cc(C)n(CCCNC(=O)Cc2cnn(-c3ccccc3)c2)n1,-0.3433466666666667
457,O=S(=O)(Nc1cccc(F)c1)c1ccc2c(c1)CCN2,-1.0172050000000008
458,COCc1ccccc1NCC(=O)Nc1ccccc1OC,-0.44188666666666676
459,Cc1cc(OCC(=O)NC2CCCCC2)ccc1N,-1.763456666666667
460,Cc1oc(-c2cccs2)nc1CSc1nnc(C)n1N,-4.227199999999995
461,CCc1ccc(S(=O)(=O)NCCC(O)c2ccco2)s1,-0.2682716666666667
462,Nc1ccccc1OCCCc1nc(-c2ccncc2)cs1,-0.11164000000000002
463,O=C(COC(=O)Cc1c[nH]c2ccccc12)Nc1ccc(Cl)cn1,-2.133441666666665
464,Cc1ccccc1CN(C)C(=O)c1ccc(F)cc1F,-1.1003316666666663
465,CCN1C(=O)C(NC(C)=O)c2cc(Cl)ccc21,-0.8335716666666664
466,CCc1cc(S(=O)(=O)N2CCCCC2)ccc1OC,-0.07005500000000002
467,O=C(NCc1noc(-c2ccco2)n1)c1cccc2ccnn12,-4.7208
468,CC1CN(Cc2c(O)c(=O)cc(CO)n2C2CC2)CC(C)O1,-1.2747566666666668
469,CC(=O)c1cccc(NC(=O)N2CCC(O)(c3cccnc3)CC2)c1,-2.5980000000000008
470,O=C(NCCCc1nc2ccccc2[nH]1)c1cc(-c2ccccn2)n[nH]1,-0.5715966666666668
471,Cc1ccc(C(=O)N2CCN(CC(F)F)CC2)o1,-0.2114966666666667
472,Cc1cc(CN(C)C(=O)c2ccc(O)c(Cl)c2)no1,-1.9011316666666656
473,CC(=O)c1ccc(N2CCN(C(=O)Cn3ccnc3)CC2)c(F)c1,-1.4135716666666658
474,CNC(=O)C1CN(C(=O)NCc2cccc(F)c2)CC12CCCC2,-2.4643816666666645
475,CCc1cccc(C)c1N1CC(c2nc(-c3cccnn3)no2)CC1=O,-1.6886999999999994
476,O=C(c1ccn(COc2cccc(C(F)(F)F)c2)n1)N1CCCC1,-2.1265866666666655
477,Cc1ccc(C#N)c(SCCCn2c(=O)[nH]c3ccccc32)n1,-1.5622399999999996
478,CCc1cc(=O)[nH]c(-c2cccc(NC(=O)c3cc[nH]n3)c2)n1,-3.1735066666666656
479,CCOC(=O)C(O)(c1cn[nH]c1C)C(F)(F)F,0.510938333333333
480,COc1cc(OC)cc(-c2cc3nc(C)cc(C)n3n2)c1,0.43202000000000007
481,COC(=O)CCCn1ccnc1-c1ccc2ccccc2n1,-2.1435066666666662
482,O=C(Nc1ccc2[nH]ncc2c1)c1n[nH]c2c(Cl)cccc12,0.08650333333333332
483,CC(C)Oc1ncccc1NCc1csc(-c2ccccn2)n1,-1.8288749999999994
484,Cc1ccc(C(O)Cn2cnc3sc4c(c3c2=O)CCC4)cc1C,-2.7588716666666664
485,COc1cccc(N2CCCC(NC(=O)CCC(C)(C)C)C2=O)c1,-1.8544
486,COc1ccc(Cc2nc3ccccc3n2CC(N)=O)cc1OC,-0.6067816666666667
487,O=C(Nc1cc2c(cc1C(O)c1cccc(F)c1)OCCO2)C1CC1,-1.1198716666666673
488,CC(C)N(C)C(=O)CN1CCc2cc(F)ccc2C1,0.009293333333333341
489,CS(=O)(=O)c1ccc(OCc2nnnn2-c2ccccc2)cc1,-0.7662049999999999
490,CSc1ccc(CN(C)C(=O)c2ccc(=O)n(C)n2)cc1,-0.9942916666666666
491,CC1CC1C(=O)Nc1ccc(F)cc1C(=O)NCc1cnn(C)c1,-1.2906966666666668
492,N#Cc1ccccc1NC(=O)c1ccc(N2CCCS2(=O)=O)cc1,-3.4557816666666694
493,Cc1cc(C(=O)N2CCOC(c3ccccc3)C2)c(C)o1,-1.037996666666666
494,Cc1ccn2ncc(C(=O)NCCc3ccc(Cl)cc3)c2c1,-0.3345566666666667
495,CC(=O)Nc1ccc(F)c(C(=O)OCC2CCCCO2)c1,-1.0600966666666654
496,Cc1cnccc1CCNC(=O)Nc1cccc(Cn2cccn2)c1,-2.506471666666666
497,CC(C)n1nccc1NS(=O)(=O)c1ccc2c(c1)CCC2,0.6504000000000002
498,N#Cc1cccc(S(=O)(=O)NC2(c3ccccc3)CCOCC2)c1,-1.3913399999999996
499,COC(=O)Nc1ccccc1C(=O)NC1CCCC1C,-1.4628116666666668
500,O=C(Cc1c(F)cccc1Cl)OCn1nnc2ccccc2c1=O,0.42695333333333296
501,CCC1COCCN1C(=O)NCCc1nc2ccccc2s1,-0.9370566666666662
502,O=C(Nc1cccc(Cl)c1)c1cnc2ccccn2c1=O,-1.388831666666667
503,C#CCN1CCC(C(=O)NCc2ncc(-c3ccccc3)[nH]2)CC1,-0.29036000000000006
504,Cn1c(=O)n(C)c2cc(C(O)C3CCC3)c(Br)cc21,-0.2537916666666668
505,CC(C)c1nnc(CNC(C)c2ccc(S(C)(=O)=O)c(F)c2)o1,-0.07497999999999992
506,Cc1cccc(Nc2nc(C)c(C(=O)NCC3CC3)s2)n1,-1.2579916666666664
507,C=CCNC(=O)CSc1nnc(-c2ccc(Cl)cc2)o1,-1.982741666666666
508,Cc1occc1C(=O)Nc1cc(N)c(F)cc1F,-0.07037166666666668
509,CCc1ccccc1NC(=O)N1CCN(CCOC)C(=O)C1,-2.954699999999999
510,Cc1ncccc1C(=O)N1CCC(C(N)=O)c2ccccc21,-0.9875966666666665
511,COc1cccc(C(=O)NC(C)C(=O)NCc2ccccc2)c1F,-0.6668466666666666
512,OCc1ccc(Br)cc1N1CCOCC1,-1.2205066666666662
513,O=C(NCCc1ccccc1)c1cccn2nccc12,-1.0694966666666665
514,CN(CC1CC1)C(=O)c1ccnc(-n2cncn2)c1,-3.9465000000000003
515,CC(=O)Nc1ccc(SC(C)C(=O)Nc2c(C)n[nH]c2C)cc1,-1.5277966666666658
516,Cc1noc(C(C)OC(=O)CCNC(=O)c2ccsc2)n1,-1.3230716666666658
517,O=C(NC1CC1)C1CCN(S(=O)(=O)N2CCCCCC2)CC1,-0.9975566666666666
518,Cc1cc(NC(=O)c2cccc(Cl)c2N)ccn1,-1.6926716666666661
519,Cc1ccccc1Nc1ncnc(Nc2cccnc2)c1N,0.48815000000000025
520,CC1(C)C(=O)C2(C(=O)N3CCCCCC3)CCC1C2,0.014093333333333314
521,CCNC(=O)c1cc2occc2n1Cc1ccc(C)cc1,-0.08889666666666667
522,Cc1ccc(C(=O)N(c2cccc(O)c2)S(C)(=O)=O)o1,-1.366441666666666
523,CCn1ncc(Cl)c1C(=O)NCC1COc2cc(OC)ccc2C1,-0.022211666666666713
524,O=C(NCC1CCN(C(=O)c2ccoc2)CC1)c1ccco1,-2.3788666666666676
525,CNC(=O)c1cccc(NC(=O)CC2CCCC2)c1,-3.674554999999998
526,O=C(CCNC(=O)c1ccccc1)Nc1cccc(Cl)c1,-2.3112316666666675
527,Cc1ccc(OC2CCN(C(=O)c3ccc4c(c3)OCO4)CC2)cn1,-1.9798116666666667
528,O=C1COc2ccc(C(=O)Nc3cccc4cn[nH]c34)cc2N1,-1.6452966666666655
529,CCC(C)C(=O)Nc1nnc(C(F)(F)F)s1,-0.64498
530,Cc1csc(CNC(=O)CN2CCc3ccccc32)n1,-2.1796500000000005
531,COCCOCc1cccc(NC(=O)N2CCCC2)c1,-2.4982000000000015
532,CC(=O)c1c(C)[nH]c(C(=O)NCc2nnc3n2CCCCC3)c1C,-0.6205666666666666
533,CNC(=O)C(CC(C)C)NC(=O)c1cc(OC)c2c(c1)OCCO2,-1.989471666666669
534,CCCC(=O)Nc1ccc(C(=O)N2CCC(C(=O)OC)CC2)cc1,-1.0663966666666655
535,CCOC(=O)NC(C(=O)Nc1cc(C)nn1C)C(C)C,-1.2003716666666662
536,Cc1cc(CNC(=O)N2CCC(Oc3cccnc3)C2)on1,-0.7297949999999996
537,CCOC(=O)c1c(C)oc(NC(=O)c2cc(C)on2)c1C#N,-1.7814016666666657
538,COc1ccc(CC(=O)Nc2ccccc2NC(C)=O)cc1OC,-0.3140116666666667
539,Cc1ccc(CNS(=O)(=O)c2cccc(C(=O)N(C)C)c2)s1,-1.5690816666666654
540,CCC(C)C(=O)NC1CCSc2ccc(Cl)cc21,-0.32322166666666663
541,COc1ccc(-c2ccc(-c3c(C#N)c(N)nc4c3CNCC4)o2)cc1,0.0007450000000000112
542,CCc1ccc(S(=O)(=O)NC(C(=O)OC)C(C)C)s1,0.20105333333333328
543,Cn1cc(NC(=O)COc2ccc(Br)cc2Cl)cn1,0.2100633333333333
544,O=C(Nc1nnc(C2CC2)s1)c1ccc(-n2ccnn2)cc1,-2.169396666666666
545,Cc1ccc(-n2cnnc2SC(C)C#N)c(C)c1,-3.424414999999999
546,CCCCN(CCO)C(=O)c1cc(Br)ccc1Cl,-0.5483566666666667
547,CC(NC(=O)NCc1cccc(C#N)c1)C(=O)NCc1ccco1,-1.4049800000000006
548,Cc1sc2ncnc(NCCNC(=O)C(C)C)c2c1C,-1.9558166666666665
549,CCCOCCC(=O)NC1CNc2ccccc2C1,-0.6310616666666666
550,Cn1cc(C#N)c(NC(=O)Cc2ccc(OCC(F)(F)F)cc2)n1,-1.4366949999999994
551,CC(NC(=O)c1cc(C2CC2)nc2ccccc12)c1ccco1,-1.8567466666666699
552,CS(=O)(=O)c1ccc(Cl)c(NC(=O)C2CC2)c1,0.8199033333333329
553,CC(Oc1ccccc1)C(=O)N(C)c1ccccc1S(C)(=O)=O,0.4852683333333333
554,COCCC(=O)C(C#N)c1ccc(OC)c(Cl)c1,-1.0850116666666663
555,COc1cccc(N2CCN(C(=O)Nc3cccnc3)CC2)c1,-2.2387500000000014
556,Cn1ccc(CN2CCOC3(CCc4ccccc43)C2)c1,-2.83214
557,O=C(COc1ccc2ncccc2c1)NCC1CCC1,-0.3660616666666667
558,COC(=O)Cc1ccc2[nH]c(-c3ccncc3)nc2c1,0.21197833333333335
559,COC(=O)C(NC(=O)C1CCOC1)c1ccc(Cl)c(F)c1,-2.0171800000000006
560,Cc1nc(Cc2noc(Cn3c(=O)[nH]c4ccccc43)n2)no1,-0.8928050000000006
561,CCc1cnc(C)nc1NCc1ccccc1CN1CCCC1=O,-0.11800000000000006
562,CN(C)C(=O)c1ccc(NCC(=O)NCc2ccccc2)cc1,-3.393041666666665
563,COc1ccc(C(=O)N2CCC(c3nc(C)cs3)CC2)cc1,-1.3385966666666655
564,CCn1nc(-c2ccccc2S(N)(=O)=O)oc1=O,-0.2842299999999998
565,COc1cc(Cl)ccc1C(=O)OC(C)c1nc(C)no1,0.3644883333333332
566,COc1ccccc1-n1nnnc1Sc1nc2ccccc2o1,-0.1291199999999999
567,Cc1ccc(S(=O)(=O)N2CC(O)C=Cc3ccccc32)cc1,-1.0072966666666663
568,COCCCNC(=O)C1(n2cnnn2)CCCCC1,-1.2204566666666667
569,O=C1Nc2cc(CO)ccc2OC1c1ccccc1,-0.21697166666666667
570,CCN(Cc1ccccc1C#N)S(=O)(=O)c1cn[nH]c1,-0.13417
571,CC(CNC(=O)NC1CCc2c(F)cccc21)CC1(C)OCCO1,-3.473566666666669
572,CCCC(=O)NCC(=O)N(C)C(C)c1ccc(OC)cc1,0.09213833333333338
573,CCOC(=O)Nc1sc(-c2ccccc2)cc1C(N)=O,-0.36441166666666674
574,Nc1ccc(C(O)CSc2ccc(F)c(F)c2)cc1,-0.18317166666666668
575,CN(C)C(=O)CNc1ccc(C(=O)OC2CCCC2)cc1,-2.841711666666666
576,Cc1nc[nH]c1-c1nccn1Cc1cc2ccccc2[nH]1,-0.96939
577,O=C(COc1ccc(CO)cc1)NCc1ccco1,-0.09036166666666669
578,CCC(C)(C)C(=O)N1CC2CC(c3n[nH]c(C)n3)OC2C1,0.6818433333333331
579,CCC(C)NS(=O)(=O)Cc1cccc(NC(=O)C2CCCO2)c1,-2.5099716666666665
580,O=C(c1ccc(-c2cnco2)cc1)N1CCCCC1Cn1cccn1,-1.1793666666666658
581,CCN(CCCO)S(=O)(=O)c1c(C)n[nH]c1C,-0.08789666666666668
582,CC1(c2ccccc2)CCC(=O)N(CCc2ccccn2)C1,-3.268575000000001
583,CN(CC(=O)Nc1ccccc1Cl)C(=O)c1ccc2c(c1)OCO2,-1.8271316666666657
584,CCNC(=O)c1ccc(CNC(=O)c2ccc(C)nc2C)cc1,-2.280754999999999
585,CN(CC(=O)Nc1ccc(Br)cn1)C(=O)c1ccccn1,-2.3828816666666652
586,COc1ccc(S(N)(=O)=O)cc1C(=O)NCc1ccccc1,-0.3004366666666668
587,Cc1csc(CN(C)C(=O)CSc2nnc3ccccn23)n1,-2.505071666666665
588,Cc1n[nH]c(-c2ccc(C(=O)NCC(C)CN3CCOCC3)cc2)n1,-1.412271666666666
589,CC(C)C(O)C1NCCc2ccc(Br)cc21,0.026178333333333307
590,COc1cccc(CNC(=O)Nc2cccc(C)c2)c1,-2.314931666666666
591,CC1CCc2nc(NC(=O)c3ccc(CO)o3)sc2C1,-2.0151466666666664
592,COCC(C)NC(=O)c1ccc(-c2ccc(Cl)cc2)o1,-1.3798816666666665
593,CNc1cc(-c2ccc3c(c2)NC(=O)CCO3)nc(C)n1,0.416895
594,COc1ccccc1-c1nc2c3c(C)c(C)oc3ncn2n1,-1.5601449999999994
595,Cc1sc2ccc(Cl)cc2c1S(=O)(=O)N(C)C(C)CO,-0.611171666666667
596,O=C(CN1CCN(c2ccccc2)C1=O)NCCc1ccc(F)cc1,-1.0145666666666668
597,COc1ccc(CNc2ncnc(NC(C)C)c2N)cc1,0.6703500000000004
598,Cc1csc(=O)n1CC(=O)Oc1ccc(Oc2ccccc2)cc1,-0.15546166666666666
599,CCOc1ccc2cc(S(=O)(=O)NCc3cccnc3)ccc2c1,0.14670499999999995
600,CC(O)CC1COCCN1C(=O)NCC(C)c1ccc(F)cc1F,0.15267833333333325
601,CCOc1nnc(CSc2nnc(C3CC3)n2CC)s1,-0.160805
602,CCN(CC)C(=O)CN(C)c1nc2c(C)ccc(C)c2s1,-2.1420000000000012
603,CN(C(=O)COc1ccccc1F)c1ccccn1,-0.6076116666666668
604,CC1CC1C(=O)OCC(=O)Nc1cccc(Cl)c1,-1.825856666666667
605,NS(=O)(=O)c1ccc(CCNC(=O)Nc2ccccc2F)s1,-0.6542716666666668
606,CC(=O)Nc1nc2ccc(-c3nc4ccccc4[nH]3)cc2s1,-1.824814999999999
607,COc1ccc2c(c1)C(NCCN1CCOCC1)CCO2,-1.102725
608,CC(C)CN1C(=O)C2(CCCC2)N(C)c2ccc(N)cc21,-1.9135549999999992
609,Cc1ccc(C(=O)N(C)Cc2ccc3c(c2)OCO3)cc1C,-2.493481666666668
610,Cc1occc1CN(C)C(=O)C1CCCN(C(N)=O)C1,-0.36473166666666673
611,NC(=O)C1CCN(C(=O)COc2ccc3c(c2)C(=O)CC3)CC1,-0.23915666666666677
612,Cc1c(C(=O)Nc2ccn(Cc3ccccc3)n2)oc2c1C(=O)CCC2,-1.699246666666666
613,Nc1ccc(S(=O)(=O)NCCc2c(F)cccc2Cl)cc1,-0.6109550000000001
614,CC(C)n1cc(CN(Cc2ccc(F)cc2)CC2CCCO2)cn1,-4.1007000000000025
615,CC(C)c1nc(OCC#N)c(C#N)c2c1COC(C)(C)C2,-0.709865
616,Cc1cc(CN2CCN(c3nnnn3-c3ccccc3)CC2)no1,0.09259499999999989
617,Cn1cccc1C1CCCCCN1C(=O)c1ccc(NC2CC2)nc1,-3.472681666666665
618,CCCCOc1ccc(NC(=O)Cn2cnnn2)c(C)c1,-0.2144616666666667
619,O=C(Nc1ccc2c(c1)COC2)N1CCN(c2nccs2)CC1,-2.4436000000000013
620,COc1ccc(NC(=O)C2CCCN2C(=O)c2ccccc2F)cc1,-0.25066166666666667
621,CCc1nc2ccccc2n1C1CCN(C(=O)c2ccco2)CC1,-0.5790966666666669
622,COc1ccc(OC)c(C2CC3(C)NC(=O)C2C(=O)N3)c1,-0.09307833333333333
623,NC(=O)NC(CC(=O)N1CCc2ccccc21)c1ccccc1F,-1.9949000000000012
624,CCN(CC(C)(C)O)c1ccc(S(C)(=O)=O)cc1S(C)(=O)=O,0.7156033333333329
625,CCC(=O)Nc1cc(C(=O)N2CCC(C)CC2)nn1-c1ccccc1,-1.1786066666666668
626,Cc1ccc(-c2nnc(CCC(=O)NCc3cccc(C#N)c3)o2)cc1,-1.0519716666666665
627,Cc1ccc(NCC(=O)NCc2ccccc2)cc1F,-1.8736816666666665
628,CC(C)CNC(=O)CSc1nnnn1-c1ccc(Cl)cc1,-1.9679416666666656
629,CCn1cnc2c3c(sc2c1=O)SCC(=O)N3,-0.07113833333333332
630,CCC(C)NC(=O)CN(C)S(=O)(=O)c1cc(Cl)ccc1OC,-1.9583966666666663
631,O=C1NC2(CCCN(C(=O)c3cscn3)C2)Oc2ccccc21,-0.7298966666666665
632,N#CCCC(C#N)CN1CCCN(C(=O)c2cccc(Cl)c2)CC1,-1.0103666666666669
633,CSc1ccc(CC(=O)N2CCC(=O)CC2)cc1,-0.32732166666666673
634,CC1CCC(CCC(=O)Nc2ccn(-c3ncccc3Cl)n2)O1,-1.7897999999999998
635,CCN(CC1CCOC1)C(=O)CC1CCCc2ccccc21,-1.2680899999999995
636,CCC(C)NC(=O)c1cc(OC)c(OC)cc1C,-1.2003716666666662
637,Cn1ncc(N2CCC(Cc3ccccc3)CC2)c(Cl)c1=O,-0.4028550000000002
638,COCCNC(=O)Cn1c(C)c(Br)c2ccccc21,-0.8255116666666668
639,CC(=O)c1ccc(NC(=O)C(C)Sc2ccc(C)cn2)cc1,-2.3560066666666706
640,Cc1ccc(NC(=O)NCc2cccc(C#N)c2)c(C)c1,-0.630256666666667
641,OCCOc1ccc(CN2CC(Oc3ccccc3Cl)C2)cc1,0.03368833333333331
642,CNC(=O)COC(=O)Cn1c(SC(F)F)nc2ccccc21,0.26286333333333334
643,COc1ccc(OC)c(CC(=O)NCCc2ccc(F)cc2)c1,0.09103833333333336
644,CN1CCN(c2ccc(N)cc2Cl)S1(=O)=O,0.2005950000000002
645,N#CCc1nc2cccnc2n1-c1cccc(F)c1,-2.0824999999999996
646,O=C(NC1C2CCc3ccccc3C21)c1cccnc1OCC(F)F,-0.7860966666666662
647,Cc1cc(C)nc(SCC(=O)NC(C)C(C)C)n1,-1.8732466666666694
648,CCCCn1nc(-c2ccc(C)cc2C)cc(N)c1=O,-0.3873049999999999
649,COC(=O)C(C)CN(C)Cc1nc2ccccc2c(=O)[nH]1,-0.8896116666666662
650,CCc1ccc(OCC(=O)NCC(O)c2ccccc2Cl)cc1,-0.5593400000000001
651,N#Cc1csc(CCOc2ccc(Br)cc2)n1,-0.33946999999999994
652,Cc1ccc(NC(=O)c2ccc(F)c(F)c2)c(OCC(=O)N(C)C)c1,-1.391636666666666
653,Cc1c(-c2ccncc2)n[nH]c1NC(=O)c1cccc(-n2cncn2)c1,-3.9175999999999997
654,CC(C)N(C)C(=O)NCCNc1ncc(Cl)cc1Cl,-4.768700000000003
655,CNC(=O)c1ccc(NC(=O)NC(C)COC)cc1,-2.9667300000000005
656,CC1CCCCC1OCC(=O)Nc1ccc(C(=O)NCC(N)=O)cc1,-2.5296950000000002
657,COc1ccc(C)cc1NC(=O)COC(=O)c1ccsc1,-1.1397916666666656
658,CCN(CCn1nc2ccccn2c1=O)c1ccccc1,-0.6616299999999999
659,FC(F)(F)c1cc(C2CCCN2c2cnccn2)n[nH]1,-0.38346333333333343
660,COc1ccc(F)cc1NC(=O)C1(C)CC1(Cl)Cl,0.5034833333333334
661,CCN(CC(C)C#N)C(=O)C1Cc2ccccc2O1,-1.6620466666666665
662,O=C(Cn1c(CO)nc2ccccc21)c1ccc(N2CCCC2=O)cc1,-1.9918383333333336
663,CCCCC1C(=O)N(C)CCN1C(=O)Cc1ccc(CO)cc1,0.4086683333333332
664,COc1ccc(Cl)cc1NC(C)C(=O)Nc1ccc(C(N)=O)cc1,-0.7714966666666657
665,CCc1ccccc1CNC(=O)NCC(=O)N1CCCCC1,-0.25208166666666665
666,COc1ccc(CCNc2ccc(C(=O)N3CCOCC3)cc2)cc1,-0.8363716666666662
667,Nn1c(-c2cncc(Cl)c2)nc2ncccc2c1=O,0.3167700000000001
668,CCOC(=O)C1CCN(C(=O)c2ccc(N(CC)CC)cc2O)CC1,-0.3843616666666667
669,CCOC(=O)CNS(=O)(=O)c1cc(C)cc(N)c1,-0.6078466666666668
670,NC(C(=O)NCc1cccs1)c1ccc(O)cc1,-0.29764666666666656
671,Nc1nccnc1C(=O)Nc1ccc(-c2ccccn2)cn1,-1.1789816666666664
672,CCNc1ccc(COc2cccc(OC)c2)cn1,0.08770500000000003
673,Fc1cccc(F)c1C(Nc1nncs1)Nc1nncs1,-1.8982033333333328
674,Cc1nc(CC(=O)Nc2ccnn2-c2ccccc2C)cs1,-0.4217466666666668
675,CCN(CC)C(=O)CCC(=O)NCc1cccnc1,-0.17919666666666673
676,Cc1cnc2n(c1=O)C(CC(=O)NCc1ccco1)CS2,-0.40812166666666694
677,O=C(Cn1cccn1)NCC#CCOc1ccc(F)cc1F,-0.10962166666666674
678,Cc1cc(C(=O)NC(c2ccccc2)c2nnc(C)n2C)ccc1F,-2.36274666666667
679,C#CCN1CCN(C(=O)NCCc2c[nH]c3c(C)cccc23)CC1,-0.32218166666666676
680,CCc1c(C(=O)Nc2ccc(C)cc2)cnn1-c1ccccn1,-0.7959216666666663
681,COc1cccc(NC(=O)c2nc3ccccc3n(C)c2=O)c1,-1.8788116666666665
682,COCc1ccccc1CNC(=O)c1c[nH]c2cccc(F)c12,-3.349456666666667
683,Cn1nnnc1SCCNC(=O)C1CC(=O)N(C2CCCC2)C1,-1.1257066666666669
684,O=C(c1ccccc1)N1CCCC(C(=O)N2CCOCC2C2CC2)C1,-1.7724899999999995
685,CCCN(CCO)C(=O)c1ccc(C(=O)N(C)c2ccccc2)cc1,-2.0330316666666657
686,NC(=O)CN(C(=O)c1ccc(Br)c(F)c1)C1CCCC1,-1.966931666666666
687,Cc1noc(C2CCCN(C(=O)C3(C)CC3(Cl)Cl)C2)n1,-0.5404566666666669
688,O=C(Nc1ccn(-c2ccccc2)n1)c1cccc(Br)c1,-1.4694716666666658
689,CCCCn1ncc(-c2cccc(Cl)c2)c(CO)c1=O,0.7606283333333335
690,C=CCNS(=O)(=O)c1cc(S(N)(=O)=O)c(Cl)cc1N,-0.7466550000000006
691,CCn1nccc1C(=O)Nc1cc2ccccc2oc1=O,-0.23315666666666662
692,CC(C)n1c(CNC(=O)c2ccc3nnnn3c2)nc2ccccc21,-2.4317466666666663
693,CCC(=O)Nc1cccc(NC(=O)CN(C)c2ccccc2)c1,-2.0730716666666664
694,C=CCN(CC(F)(F)F)S(=O)(=O)c1ccc(C(N)=O)cc1,-1.4128383333333323
695,N#CC(NCCCO)c1ccc(Br)cc1,-0.42079666666666676
696,CCOC(=O)c1csc(NC(=O)c2ccc(OC(F)F)cc2)n1,-2.0138716666666685
697,CC(=O)NCc1ccc(S(=O)(=O)NCC2CCOC2)s1,-1.8218549999999993
698,CCOCc1cc(C(=O)Nc2nc(C)cs2)ccc1OC,-2.0138716666666685
699,O=C(NCc1csc(=O)[nH]1)c1cccc(F)c1Cl,0.03565333333333332
700,O=C(CO)N1CCN(CC(=O)N2CCc3ccccc3C2)CC1,-0.04289666666666669
701,CCCCNC(=O)Cn1ccn(-c2cccc(Cl)c2)c(=O)c1=O,0.4777583333333334
702,CC(C)OCCN1C(=O)COc2cc(N)ccc21,-0.4561299999999999
703,COc1ccc(-n2ncc3c2CCCC3NC(=O)C2CCCC2)cc1,-2.1605666666666665
704,O=C1CC2(CCN(c3nncs3)C2)CN1c1cccc(F)c1,-3.04699
705,CC(C)(C)OC(=O)N1CCN(Cc2ccc(O)cc2)CC1,0.011638333333333353
706,CC(C)c1ccc(C(=O)N2CCN(CC(C#N)CCC#N)CC2)cc1,-1.7038166666666663
707,CCNC(=O)c1ccc(NC(=O)C2CCCC2)c(C)c1,-1.4827716666666664
708,CN1CC(C(=O)NC(c2ccccc2)c2cccs2)CC1=O,-2.0366066666666685
709,CCN(CCC(F)(F)F)S(=O)(=O)c1cc(F)c(F)c(F)c1,-0.985288333333333
710,COC(=O)c1nn(-c2cc(C)c(Br)cc2C)nc1C,0.06788833333333338
711,O=S1(=O)CCCCN1c1ccccc1C(F)(F)F,-0.44686500000000007
712,COc1cccc(C(=O)NCCc2csc(C(C)C)n2)c1,-2.0224866666666665
713,CCOc1ccc(OCC)c(NC(=O)NCc2cnc(C)s2)c1,0.19973333333333326
714,CC(c1ccc(F)cc1)N(C)C(=O)Nc1cn[nH]c1,0.09463833333333337
715,Cc1cc(C(=O)N(CCc2ccccc2)Cc2ccncc2)n(C)n1,-1.2301566666666666
716,Cc1nn(-c2ccccc2)c(C)c1CN(C)C(=O)C1CCCO1,-0.46559666666666677
717,Clc1cccc(-c2nnc(Cc3nc(-c4cccnc4)no3)o2)c1,-0.7680800000000003
718,Cc1nnc(SCc2cc(=O)n3cccc(C)c3n2)c(C#N)c1C,-1.015555
719,Fc1ccccc1Nc1noc2c1CN(CC1=CCCOC1)CC2,-0.7118750000000007
720,CCOc1c(F)cccc1C(=O)N1CCN(CCOC)C(=O)C1,-1.4982566666666672
721,CCN(CCNC(=O)C1CCC(=O)N1)c1cccc(C)c1,-0.9657966666666661
722,CC(=O)NC(C(=O)Nc1nc2cc(Cl)ccc2s1)C(C)C,-2.190880000000001
723,CCOC(=O)C(C)CNC(=O)Cc1c(F)cccc1F,-0.33746166666666677
724,CN(CCN(C)C(=O)OC(C)(C)C)C(=O)Nc1ccc2c(c1)CCC2,-1.8010116666666665
725,COc1ccc2c(CC(=O)N(C)Cc3ccc(C)o3)coc2c1,-0.013671666666666764
726,CCCCNC(=O)C(C)Sc1nnnn1-c1cccc(C)c1C,-1.2120716666666662
727,Cc1nnc(SCc2ccc(C(=O)N(C)C)cc2)n(N)c1=O,-2.0111066666666666
728,CCNC(=O)N1CCN(C(=O)Cc2cc(C)ccc2C)CC1,0.7654683333333334
729,Cc1ccc(S(=O)(=O)NCCc2nnc3ccccn23)s1,-2.290694999999998
730,O=C1COc2ccccc2N1CCC(=O)N1CCCC1c1ccc[nH]1,-0.9958466666666663
731,N#CC(C(=O)c1ccc2c(c1)NC(=O)CS2)c1nc2ccccc2[nH]1,-1.785121666666667
732,COc1ccc(NC(=O)N(C)CCN2CCOCC2)cc1C,0.0921783333333333
733,CC(OC(=O)C1=NC=CC1)C(=O)NC1CCCCCC1,-1.489971666666667
734,CNC(=O)Cn1cc(OC)c(=O)cc1CSc1nnnn1C,-1.0820966666666658
735,Cc1ccsc1C(=O)Nc1ccc(Br)cc1C(N)=O,-1.7260466666666658
736,O=C(C1CCCC1)N1CCC(c2nnc(-c3ccsc3)o2)CC1,-1.2295216666666662
737,COc1ncnc2c1CN(Cc1sccc1C)CC2,-1.0440649999999991
738,Cc1ccc(NC(=O)COc2ccccc2OCCO)c(Cl)c1,0.2790883333333331
739,O=C(NCCCSc1ccccc1)NCc1ccncc1,-1.478606666666666
740,COC(=O)N1CCC(NC(=O)c2cncc(Br)c2)CC1,-1.6641916666666665
741,COc1ccccc1C(=O)N1CCC(OCC(C)C)CC1,-0.3898616666666668
742,CC(C)CCNC(=O)c1ccc(-n2cnc3cccnc32)cc1,-1.586771666666666
743,COCc1ccc(CNCC(O)c2ccco2)cc1,-0.5548866666666666
744,Cc1cccc2[nH]c(C3CCCN3C(=O)c3cc(C(C)C)on3)nc12,-0.7110966666666663
745,COC(=O)CCN(C(=O)c1c(C)noc1C)c1cccc(F)c1,-2.0404216666666652
746,CCNc1nc(-c2cnc(-c3cccnc3)s2)cs1,-1.5309800000000007
747,Cc1cc(C)c(CNC(=O)CN2CCCNC2=O)c(=O)[nH]1,-1.332541666666667
748,CC(C(=O)NC(c1ccc(F)cc1)C1CCCO1)n1cccn1,-2.44050666666667
749,CCOc1cc(C)c(-c2noc(C)c2CO)cc1C,0.014138333333333326
750,CC(NS(=O)(=O)c1cccc(C(N)=O)c1)c1ccc(F)c(F)c1,-1.1942716666666662
751,CCc1noc(CC)c1CNS(=O)(=O)c1cccc2ncccc12,-0.11533000000000014
752,CCCCC(=O)NCCNC(=O)c1cccs1,-0.7375566666666665
753,Nc1cc(S(=O)(=O)N2CCCC2)ccc1N1CCCCCC1,-0.7325149999999998
754,O=C(CNc1cccc(OC(F)(F)F)c1)NCC(=O)N1CCCC1,-0.059044999999999986
755,COc1cc(CCC(=O)N(C)Cc2cccc(C#N)c2)cc(OC)c1,-1.927621666666666
756,Cc1nnc(NCCc2ccccc2OC(F)(F)F)o1,-0.42212333333333346
757,OCc1nc2cc(Cl)ccc2n1CCCN1CCOCC1,-0.2507066666666667
758,Cn1c(=O)n(C)c2cc(CNc3ccc(Br)cc3)ccc21,0.5825999999999998
759,Fc1cc(F)cc(Cc2nc3c4ccccc4ncn3n2)c1,0.8674000000000001
760,Cc1ccc(-c2ncco2)cc1NC(=O)CCNC(N)=O,-1.087456666666666
761,O=C(OCC1CC(=O)N(C2CC2)C1)C1CCCN1C(=O)C1CCCC1,-3.0466166666666687
762,COCc1cccc(C(=O)NC(C(=O)OC)c2ccccc2)c1,-1.957646666666668
763,Cc1ccc(CC(=O)N2CCNC(=O)CC2c2ccccc2)cc1O,-1.919000000000001
764,C#CCNC(=O)N1CCC(NC(=O)c2cccs2)CC1,-1.0263566666666661
765,CS(=O)(=O)c1nc(C(=O)OCC(N)=O)c2ccccn12,-1.186246666666667
766,CC(Oc1ccccc1C#N)C(=O)Nc1cc(Cl)ccc1O,-4.205850000000001
767,CCOC(=O)c1cnn(C)c1C(O)C(=O)OCC,-0.31091166666666686
768,CC(C)Cc1ccc(CC(=O)NCc2cscn2)cc1,-0.31244666666666654
769,CCOC(=O)CN1CCC2(CCCN(C(=O)OC(C)(C)C)C2)C1=O,-1.4502150000000003
770,CCS(=O)(=O)N1CCN(C(=O)COc2cccc(C)c2)CC1,0.0050383333333333495
771,CCC(C(=O)NCc1cccnc1)N1C(=O)CCn2nc(C)cc21,-0.8765466666666663
772,CCn1cc(C(=O)N=c2[nH]nc3ccccn23)cn1,-2.6644649999999994
773,CCC(=O)Nc1cccc(NC(=O)N(C)CC(C)C)c1,-2.0705716666666665
774,Cc1ncc(CN2CCCCCC2c2ccncc2)s1,-0.8288399999999996
775,CCC(=O)Nc1c(-c2cccc(F)c2)n[nH]c1C1CC1,-1.1035716666666666
776,O=C(c1ccn2nnnc2c1)N1CCN(c2ncccn2)CC1,-3.526556666666666
777,Cc1nn(CC(=O)Nc2ccccc2Cl)c(C)c1N,-0.1567216666666667
778,CCN1CC(CN(C)C(=O)c2cc(F)cc(F)c2)Oc2ccccc21,-3.4522166666666645
779,COc1cc(C(=O)OCCn2cccn2)cc(Cl)c1OC,-1.292961666666666
780,CCN(C(=O)c1ccc(-n2ccnn2)cc1)c1ccccc1,-2.9037066666666664
781,COC(=O)C(C)Sc1nnc(NCC2CCCO2)s1,-0.799836666666666
782,O=C(CCSc1ccccc1)NCC(O)c1ccc2c(c1)CCO2,-0.46826333333333336
783,CCCc1nnc(SCC(=O)Nc2ccccc2F)n1N,-0.9945716666666666
784,COCCNC(=O)C1CN(C(=O)c2ccc(F)c(F)c2)C1,-1.8856466666666674
785,COc1cc(C#N)cc(Cl)c1OCC(=O)NC(C)(C)C,0.10381333333333323
786,CC(C)Oc1ccc(C(=O)NCCc2ccc(-n3cccn3)cc2)cc1,-1.2829366666666657
787,O=C(CCC1CCCC1)N1CCN(Cc2noc3ccccc23)CC1,-2.711316666666667
788,Cc1c(N)c2c(c(C)c1Cl)N(C)C(=O)CCO2,-0.327305
789,COC(=O)c1cccc(NC(=O)C2CC(=O)Nc3cc(F)ccc32)c1,-2.818971666666666
790,COc1ccccc1C(=O)NCC(O)c1ccc(C(F)(F)F)cc1,0.01172999999999998
791,CN(C(=O)c1cccc(Cn2cccn2)c1)C1CCCc2ccccc21,-2.077456666666667
792,Cc1ccc(NC(=O)CC2CSc3nccc(=O)n32)cc1,0.18742833333333322
793,CCC(CC)c1cc(CNC(=O)NC2CC2)on1,-0.8680466666666666
794,CC(C)S(=O)(=O)c1ccc(C(=O)Nc2ccccc2)cc1,-1.3391066666666662
795,Cc1noc(CNC(=O)NC2CCCN(Cc3ccccc3)C2=O)n1,-1.483366666666667
796,COCc1cc(C(=O)N(C)c2cccc3ncccc23)ccc1F,-2.3489966666666664
797,Cc1nnc(C(C)N(C)Cc2cc(Br)cs2)o1,-2.7629000000000015
798,Cc1sc(NC(=O)c2cc3ccccc3oc2=O)c(C#N)c1C,-2.0662000000000003
799,CCOC(=O)N1CCN(C(=O)Nc2ccc3c(c2)nnn3C)CC1,-2.3733000000000017
800,O=c1c(C(F)(F)F)cccn1Cc1nc2ccccc2n1C(F)F,-2.2016
801,COc1ccc(C)cc1C(C)NC(=O)c1ccc(-n2ccnn2)cc1,-3.2396816666666677
802,Cc1nn(-c2ccc(C(=O)Nc3ccncc3)cc2)c(C)c1Cl,-2.501781666666667
803,CC(=O)Nc1cc(NC(=O)CCSc2ccccn2)ccc1C,-0.24034666666666674
804,Cc1cc(NC(=O)CN2CCC(C)c3ccccc32)no1,-2.087916666666667
805,O=C(CCc1ccc(-c2ccccc2)o1)OCC(=O)N1CCCC1,-0.04366166666666665
806,Cc1cc(NC(=O)NC2C3CCC(C3)C2CO)c2ncccc2c1,-0.859766666666666
807,O=C(NCC(F)(F)F)NC1(c2ccccc2F)CC1,-0.4864300000000001
808,CCOCCNS(=O)(=O)c1ccc2c(c1)CCCN2,0.13565500000000003
809,CCOC(=O)c1csc(CNC(=O)c2c[nH]c3cccc(F)c23)n1,-2.999141666666668
810,CC(C)(C)OC(=O)N1CCC2(CCc3ccc(O)cc3O2)C1,-3.8275999999999994
811,Cc1nnc(NC(=O)c2snc(C#N)c2N)s1,-0.6251966666666668
812,Cc1ccccc1COC1CCN(C(=O)Cn2ccnn2)CC1,-0.5627616666666667
813,CCN(Cc1cnc2cnccn12)CC(C)C(=O)OC,-0.48932166666666654
814,Cc1cc(NC(=O)c2cc(Cl)c[nH]2)c2ncccc2c1,0.2157033333333334
815,CC(C)c1nc(COn2nnc3ccc(Cl)cc32)cs1,-1.075969999999999
816,CC(C)c1nnnn1CC(=O)NCC(C)(O)c1ccc(F)cc1,-0.3783716666666669
817,CC(=O)N1CC(C(=O)Nc2ccc(Cl)cc2)Oc2ccccc21,-0.5701466666666668
818,Cc1ccc(CC(=O)Nc2cnn(CC(=O)NC3CCCC3)c2)s1,-2.359631666666667
819,Cc1csc(NC(=O)C(C)Sc2nncs2)n1,-1.9654466666666692
820,CCOc1cc(-c2cc(C(=O)OC)no2)cc(N)c1OCC,-1.2845216666666668
821,COCCNC(=O)c1cc(=O)c(OCc2ccccc2)c[nH]1,-0.43748666666666675
822,CCOC(=O)C(C)NC(=O)c1c(F)ccc(OCC)c1F,-1.2153216666666662
823,Cc1ccc(CC(=O)N2CCN(C(=O)NCC3CCCO3)CC2)cc1,0.37846833333333324
824,CC1(C)CC(NC(=O)c2cn(C3CC3)c(=O)c3ccccc23)CCO1,-0.4492666666666665
825,CNc1nc(NCc2ccccc2)c2cnn(C)c2n1,-0.8983483333333326
826,Cc1ccc2nc(C)c(C(=O)NCC(O)c3ccccc3)cc2c1,-0.31849666666666665
827,CC(C)C(CNC(=O)NCc1cccc(C(N)=O)c1)c1ccccc1,-1.490171666666666
828,COCCNC(=O)c1snc(S(=O)(=O)C(C)C)c1N,-0.6131966666666666
829,COc1ccccc1CN1CCN(C(=O)NCc2ccnn2C)CC1,-0.4950450000000005
830,Cc1ccc(C(N)=O)cc1NC(=O)NCCCN1CC(C)OC(C)C1,-2.4780066666666665
831,CC(C)c1nc(CCNC(=O)Cc2cccc(F)c2F)cs1,-0.5202466666666669
832,O=C(CCCc1nc(-c2ccc(Cl)cc2)no1)N1CCOCC1,-1.149971666666666
833,Cc1nnc(COC(=O)c2cc(Br)ccc2Cl)o1,0.052013333333333335
834,O=C(C1CC=CC1)N1CCCSc2ccccc21,-0.45994666666666684
835,CC(=O)Nc1cccc(C(C)OC(=O)Cc2c(C)nn(C)c2C)c1,-1.8528616666666662
836,CC(NC(=O)c1cnc(C2CC2)[nH]c1=O)c1ccc(F)cc1,-1.402346666666667
837,COc1cc(CC(=O)Nc2c(C)cc(C)nc2C)cc(OC)c1OC,0.18373833333333325
838,CC(c1ccccc1)C(CO)NS(=O)(=O)c1cn(C(C)C)cn1,0.9268683333333336
839,O=C(c1ccc2ncsc2c1)N1CCCC1c1ccccc1,-1.8338216666666662
840,CCc1nnc(CNc2ccc(-c3nnnn3C(C)C)c(F)c2)o1,-0.6845650000000001
841,CCN(CC)C(=O)c1ccc(OC(=O)c2cc(C(N)=O)cn2C)cc1,-1.5315666666666656
842,CCOC(=O)c1nn(-c2cccc(Cl)c2)c(N)c1C#N,0.10337833333333325
843,NC(=O)Cc1csc(NC(=O)c2occc2-c2ccccc2)n1,-2.620346666666667
844,CCOCc1nnc(NC(=O)c2ccc(C(C)(C)C)cc2)s1,-1.5530116666666667
845,Nc1cc2c(cc1NCCC1CCCC1)NC(=O)C2,-0.42220499999999994
846,O=C(Nc1ccc(OC(F)F)c(F)c1)c1cc(F)cc2[nH]cnc12,-2.7958166666666693
847,CC(=O)c1c(C)nc2nc(-c3ccncc3)nn2c1C,-1.4135716666666658
848,CC(NC(=O)c1ccc(-c2ccccc2)cc1)c1cnn(C)c1,-2.0050466666666686
849,CC1(c2[nH]ncc2S(C)(=O)=O)CCCN(C(=O)c2ccncc2)C1,-1.0913466666666671
850,Cc1nn(-c2nc(CC(=O)N3CCCC3)cs2)c(C)c1Cl,-0.2427466666666666
851,CCc1nnc2n1CCN(C(=O)c1cc3ccccc3[nH]1)C2,-1.8055666666666672
852,COc1cccc(NC(=O)CSc2nnc3nc(C)cc(C)n23)c1,-2.404716666666665
853,CCC1CCC(N(C(=O)CC2CCCO2)C2CC2)CC1,-0.13195666666666678
854,CCNC(C)(C(=O)OC)c1ccccc1C(F)(F)F,-1.2514733333333323
855,CNc1nc(-c2nnc3scc(C(F)(F)F)n23)cs1,-1.8874133333333356
856,O=C(Nc1nnc(-c2ccccc2)o1)c1cccs1,-1.2673566666666662
857,COc1cc(CNC(=O)NC(C)c2ccc3ccccc3c2)ccn1,-1.7520400000000007
858,Cc1nc2ccccc2nc1CN1CCN(CC(N)=O)CC1,0.3532833333333334
859,CN(Cc1cccc(C#N)c1)S(=O)(=O)c1cc(C(N)=O)n(C)c1,-0.49020666666666685
860,COc1cccc(C(=O)NC2CCCc3occc32)c1F,-0.3572366666666666
861,N#Cc1cc(NC(=O)N2CCc3cc(F)ccc3C2)ccc1F,-1.7978000000000005
862,CCCN(CC1CC1)C(=O)NCc1ncn(C)n1,-0.4110966666666668
863,O=C(CCC(=O)c1ccccc1)NCc1ccc2c(c1)OCO2,-1.4694716666666658
864,Cc1cc(NC(=O)NC(c2ccc(F)cc2)C2CCCO2)n(C)n1,-2.116846666666669
865,Cn1nccc1CNC(=O)Nc1ccc(OC(F)(F)F)cc1,-0.7088950000000005
866,O=C(CCS(=O)(=O)c1ccc2ccccc2c1)NCC1CCCO1,-1.3595316666666664
867,CCOC(=O)Nc1ccc(S(=O)(=O)Nc2cccc(F)c2)cc1,-0.5859616666666674
868,Cc1ccc(C(O)CNS(=O)(=O)N(C)C)cc1C,-0.08889666666666667
869,Cc1nc(SCC(=O)NC2CCCC2)[nH]c(=O)c1C,-2.2942816666666666
870,CCN(CC)S(=O)(=O)c1cc(C(=O)NC(C)C2CCC2)n(C)c1,-1.6166066666666685
871,CCOC(=O)c1ccc(N2CCN(Cc3cc(C)n(C)n3)CC2)nc1,-2.4202466666666673
872,Cc1noc(C)c1C(=O)NC(C)C(=O)NCC(F)(F)F,-1.5216800000000013
873,Cc1nc2sccn2c(=O)c1NC(=O)c1cccc(F)c1,-2.1746966666666654
874,Cc1ccc2ncc(C(=O)Nc3cccc(C(=O)N4CCCC4)c3)n2c1,-3.284591666666665
875,C#CCNC(=O)CSc1nnc(-c2ccc(OCC)cc2)n1N,-0.6700566666666663
876,CC(=O)Oc1cc(C)cc2occ(-c3ccccn3)c(=O)c12,-1.4368116666666666
877,O=C(NCCCN1CCCC1=O)Nc1ccc2c(c1)OCO2,-1.822791666666667
878,CCN(CC(F)(F)F)C(=O)c1cccc2[nH]ccc12,-1.5095066666666659
879,COc1ccc(OC)c(CN(C(=O)C(C)NC(C)=O)C2CC2)c1,-2.761196666666667
880,COc1ccc(N)cc1-c1nc2cccnc2n1C(C)C,-0.9440649999999995
881,CC1(O)CCN(C(=O)c2ccc3[nH]ccc3c2)CC1Cc1ccccc1,-1.773571666666666
882,Cc1oc(C)c(C(=O)N2CCCC2Cn2cccn2)c1C,-0.12341666666666681
883,COc1ccc2nc(C)cc(C(=O)NCC(C)(C)c3ccncc3)c2c1,-0.2267716666666668
884,O=C1Nc2ccccc2C12CCN(S(=O)(=O)c1cccs1)CC2,0.20277000000000003
885,Cc1c(NC(=O)c2ccccc2)cccc1NC(=O)C(C)NC(N)=O,-2.35994666666667
886,Cc1cccc(C(=O)N2CCN(C(=O)c3cccc(C)c3)CC2)c1,-1.4694716666666658
887,Cc1ccc(-n2ncc3c(=O)n(CC(=O)C(C)(C)C)cnc32)c(C)c1,-1.3946399999999997
888,Cn1cnnc1CCn1ccnc1-c1cnc(-c2ccccn2)nc1,-2.25328
889,O=C(OCc1nc(-c2ccccc2)no1)c1ccc(C(F)(F)F)nc1,-1.7115699999999996
890,CSc1c(CCC(C)O)c(O)c(C)c(O)c1C(C)=O,-1.9353966666666653
891,CC1CCCC(C)N1C(=O)N1CCC(n2cncn2)CC1,-3.9148
892,Cc1nc2cc(-c3noc(-c4ccncc4)n3)ccc2n(C)c1=O,-1.794415000000001
893,Cc1csc(N2CCCN(Cc3cnc(C4CC4)s3)CC2)n1,-1.1405799999999993
894,Cn1ncc2c(=O)n(CC(=O)NC3CCOc4ccccc43)cnc21,-1.0165816666666665
895,Cc1ccc(Cn2c(C(=O)Nc3ccon3)cc3occc32)cc1,-0.4761216666666669
896,COCCOc1ccc(NS(=O)(=O)c2ccc(C)cc2)cc1,-0.17201999999999992
897,Cc1ccc(CN(C)Cc2nc(C)cs2)c(Br)c1,-3.9656000000000033
898,CCOC(=O)c1cccc(NC(=O)Nc2cccn3ncnc23)c1,-2.8050116666666667
899,O=C(COC1CCCC1)NCCCn1nc2ccccn2c1=O,-0.7648966666666661
900,Cc1noc(C)c1C(=O)Nc1nc2c(s1)CC(C)CC2,-1.3582466666666668
901,COCc1nc2cc(NC(=O)c3ccc(-n4ccnc4)cc3)ccc2o1,-1.8430716666666669
902,O=C(NCCCN1CCCCCC1=O)c1ccnc(-n2ccnc2)c1,-2.4183916666666665
903,N#Cc1ccc(NCc2ccnc(-n3cccn3)c2)nc1,-0.3913300000000001
904,Cc1nc2c3c4c(sc3nc(C)n2n1)CCCC4C,-2.5793899999999996
905,CC(=O)Nc1ccc(CC(=O)N(C)Cc2ccc(F)c(F)c2)cc1,-1.1804716666666668
906,Cc1nn(C)cc1C(=O)N1CCCC(c2cc(=O)nc3n2CCC3)C1,-3.089250000000001
907,CNc1snc(C)c1C(=O)NCC(C)N(C)c1ccccc1,-0.18317166666666668
908,COc1ccc(CN2CCOC(c3cnn(C)c3)C2)cc1SC,-1.5803549999999993
909,CS(=O)(=O)N(Cc1ccccc1F)Cc1ccccc1F,-0.42557500000000004
910,Nc1ccc(-c2cccc(-c3ccc4c(c3)OCCO4)n2)cc1,-1.2346549999999998
911,Cn1ncnc1SCC(=O)NC(C)(C#N)C1CC1,-0.5222216666666668
912,CN(Cc1ccccc1N1CCOCC1)C(=O)NC1CCCC1,-0.6532466666666665
913,CCCOc1ccc(CNC(=O)C(C)OC)cc1,-0.6748449999999998
914,CCCCOC(C)C(=O)NC1CCCn2nc(CC)nc21,-0.8829866666666661
915,CC(CN1CCOCC1)NC(=O)c1ccc(=O)n(-c2ccccc2)n1,-1.547246666666668
916,O=C(NCc1ccco1)C1CCN(c2ccccc2-n2cccc2)C1=O,-1.2215216666666664
917,CN(CC(=O)NCc1ccco1)S(=O)(=O)c1cccnc1,-1.0215716666666654
918,O=C(Nc1nncs1)c1ccc2c(c1)OCCO2,-2.261506666666665
919,CC(=O)N1CC(C(=O)Nc2ccc(-n3cnnn3)cc2)C1,-1.820681666666666
920,COc1cccc(CCC(=O)OC2CCCC2OC)c1,-1.125086666666666
921,O=C(CNC(=O)Cc1cccc(F)c1F)NCCN1CCOCC1,0.4233283333333332
922,CCN(CC)C(=O)c1cccc(NC(=O)c2ccc(C)c(F)c2)c1,-3.5581566666666635
923,CCNC(=O)N1CCN(c2c(C)n[nH]c2C)CC1,-0.08889666666666667
924,O=C(NCCC1=CCCCC1)c1ccc(-n2cccn2)cc1,-1.4694716666666658
925,CN(Cc1cnn(C)c1)C(=O)CS(=O)(=O)c1ccc(F)cc1F,-0.08889666666666667
926,O=S(=O)(NCCc1ccccc1)c1ccc(F)cc1F,-0.05883000000000003
927,COc1ccc(C(C)(CO)Cc2cccs2)cc1OC,0.5946033333333332
928,O=C(Cn1ccccc1=O)N1CCC(N2CCNC2=O)CC1,-1.3043966666666658
929,Cc1ccc(-c2ccc(S(N)(=O)=O)s2)c(-n2cccn2)c1,-0.7398899999999997
930,COc1ccc(Oc2cc(C)nc(C3CN(S(C)(=O)=O)C3)n2)cc1,0.04071999999999984
931,COCCn1ccc2c(C(=O)Nc3ccccn3)cccc21,-0.6507866666666666
932,CCc1nn(C)c(CC)c1CN1CCCN(c2cccnn2)CC1,0.08959999999999996
933,NS(=O)(=O)c1ccc(OCCOC(=O)c2ccccc2)cc1,-1.9899
934,O=C(COc1cccc2cccnc12)NCc1cccs1,-0.48216166666666666
935,COC(=O)C1(NCc2cnc(-c3ccc(Cl)cc3)nc2)CC1,-0.9187366666666658
936,CNS(=O)(=O)CC(=O)NC(C)Cc1ccc(Cl)cc1Cl,-0.9582716666666664
937,CCc1cc(NC(=O)c2c(C)nn(-c3ccccc3)c2C)[nH]n1,0.14817833333333322
938,COC(=O)CNC(=O)c1cc(C)c(Br)cc1C,0.1337383333333334
939,O=C(NC(CN1CCOCC1)c1ccccc1)c1ccccn1,-1.9411466666666695
940,C=CCn1c(C)nnc1SC(C)C(=O)N1c2ccccc2CC1C,-1.7884966666666668
941,CC(c1ccc(F)cc1)N(C)C(=O)Cn1nc2c(cc1=O)CCCC2,-0.2673466666666667
942,CCc1nc2n(n1)CCCC2NC(=O)c1cccc(OCC(N)=O)c1,-1.8050166666666663
943,CCc1noc(CN(C)C(=O)Cc2ccc(C)cc2)n1,-1.0249216666666667
944,O=C(CSc1nc2ccccc2s1)Nc1cccc(O)c1,-2.190671666666667
945,Cc1ccc(C(=O)Nc2nnc(-c3ccncc3)o2)cc1,-2.1260466666666655
946,Cc1ccc(-c2csc(NC(=O)c3ccncc3)n2)s1,-2.336546666666669
947,Cc1[nH]ncc1CCCNC(=O)NC(C)c1cccc(Cl)c1,0.20552000000000026
948,CNC(=O)c1c(NC(=O)c2cc(OC)cc(OC)c2)sc(C)c1C,-1.2046866666666665
949,O=C(CC(F)(F)F)NC(Cc1ccccc1)C(F)(F)F,-1.2959800000000001
950,CCCCNc1ncc(Br)c2cc(N)ccc12,0.9522349999999998
951,COC1COC2C1OCC2N(C)c1nccc(C2CCCC2)n1,-1.9604800000000009
952,CCN(C(C)c1cc2ccccc2o1)S(N)(=O)=O,-0.9875066666666664
953,CNC(=O)Cc1ccc(NC(=O)C23CC4CC(CC(C4)C2)C3)cc1,-1.6052466666666654
954,CC(C)CCC(=O)N1CCN(c2ncc(C#N)cc2Cl)CC1,0.0003033333333333821
955,C=CCc1ccccc1OCC#CCNC(=O)c1ccc(=O)[nH]c1,-1.3119166666666664
956,Cc1noc(C2(C)CCCN(Cc3cnn(C)c3)C2)n1,0.796995
957,CC1CN(CC(=O)c2ccc3c(c2)NCC(C)(C)O3)CC(C)O1,-2.869006666666666
958,CC(C)Oc1ccc(F)cc1C(=O)c1ccc(N)cc1,-1.458146666666666
959,Cc1nc2ncc(C(=O)N(CC3CCCCO3)C(C)C)cc2[nH]1,-2.1113316666666653
960,CCCNC(=O)C(C)NC(=O)c1ncccc1O,-1.5900466666666682
961,O=C1c2ccccc2NC(c2csnn2)N1Cc1cccnc1,-0.8489549999999996
962,CCOC(=O)c1cnn(-c2nc3c(C)cccc3s2)c1N,-1.2802316666666658
963,Cc1cc(NC(=O)N(CCC(F)(F)F)CC(O)CO)n(C)n1,-0.04953000000000003
964,COCCC1(C(=O)Nc2cc(OC)ccn2)CC1,-0.3435066666666669
965,Cc1nnc(SCC(=O)Nc2ccccc2Br)s1,-2.292331666666666
966,COc1ccc(CCOc2ccccc2N)cc1OC,0.05902000000000003
967,C=CCn1c(SCC(=O)NC(C)C)nnc1C(F)(F)F,-2.0093800000000033
968,NC(c1cc2c(cc1Br)OCCO2)C(F)(F)F,0.4756166666666665
969,CCOc1ccc(NC(=O)c2ccc(-n3ccnn3)cc2)cc1C,-0.6616566666666667
970,CCCCNc1nc2ccccc2n1CC(=O)N1CCOCC1,-0.27656333333333327
971,Nc1cccc(NC(=O)CSc2ncccn2)c1,-2.1215716666666666
972,Cc1ccc(S(=O)(=O)NCCCCn2ccccc2=O)c(C)c1,0.7289449999999998
973,CCOC(C)c1noc(CSc2nc(-c3ccc(C)cc3)n[nH]2)n1,-0.5214650000000002
974,CNC(=O)NCC(=O)Nc1ncc(Cc2ccccc2Cl)s1,0.00037833333333323836
975,Cc1ccc(C(=O)OCC(=O)N2CCc3ccccc3C2)cc1F,-1.0402216666666664
976,Cc1c(N)c(=O)n(-c2ccc(C(F)(F)F)cc2)n1C,-0.08898833333333334
977,CC(=O)c1cnc2nc(-c3ccc(C)cc3)nn2c1C,-3.4337066666666693
978,O=C(CCn1[nH]c(=O)ccc1=O)NC1CCCc2ccccc21,-0.5195666666666666
979,CCCNC(=O)NCc1ccc(OC)c(OC)c1OC,0.1438383333333334
980,CSc1ccccc1C(=O)N1CCc2ccccc21,-0.07159666666666664
981,Cc1ccc(NC(=O)CSc2ncn(-c3ccccc3)n2)c(F)c1,-0.2421966666666667
982,N#Cc1ccc(CCC(=O)NC2CCCNC2=O)cc1,-1.1623716666666666
983,Cc1cc(C(=O)Nc2ccc(Cl)cc2F)c(C)n1C1CC1,-0.3737966666666667
984,CNC(=O)COc1cc(C(=O)OC2CCCC2)ccc1N,-1.7201966666666664
985,CCOc1ccc(NC(=O)CNC(=O)c2ccsc2)cc1Cl,-0.7063299999999999
986,Cc1ccc(C(=O)NCC(=O)NC(C2CC2)C2CC2)s1,-1.7182566666666679
987,CCOC(=O)c1sc(-c2ccccc2OC)nc1C,-0.14176166666666665
988,COc1ccc(C(O)C(C)NC(=O)c2cccc(NC(C)=O)c2)cc1,-3.276696666666666
989,COc1ccc(NC(=O)NCC2CC=CCC2)cc1F,0.07432833333333333
990,CCn1ncn2cc(S(=O)(=O)NCc3ccco3)cc2c1=O,-0.11493000000000006
991,CC(C)(C)c1ccc(O)c(NC(=O)CN2CCCS2(=O)=O)c1,-3.3238316666666696
992,Fc1ccc2[nH]c3c(NCCCc4ccccc4)ncnc3c2c1,-0.43921666666666664
993,CC(NC(=O)c1ccc2[nH]cnc2c1)C(=O)N1CCCCC1,-2.27795666666667
994,Cc1nc(=O)[nH]c(C)c1CCC(=O)N(C)Cc1nncn1C(C)C,-0.8481216666666662
995,COc1cccc(Cn2nccc2NC(=O)c2ccccc2)c1OC,-1.7865866666666659
996,CNC(=O)CN(C)S(=O)(=O)c1cccc(N)c1,0.4435283333333333
997,O=C(C1CC12CCOCC2)N1CCC(Oc2cccc(Cl)c2)C1,0.34732833333333324
998,COCc1ccc(C(=O)NCc2cccc(C#N)c2)o1,-1.4022716666666668
999,Cc1ccccc1CCNC(=O)Nc1ccc2c(c1)n(C)c(=O)n2C,-3.2212666666666685
1000,COC(=O)C(C)NC(=O)c1cc(-c2ccc(Cl)cc2)nn1C,-0.8886216666666664
