1,COc1ccc(Br)c(CNC(=O)Cc2cccs2)c1
2,O=C(c1cccc(F)c1)N(Cc1cccnc1)Cc1ccco1
3,Cc1ccc(NC(=O)CCn2c(=O)oc3ccccc32)cc1
4,COc1cccc(NC(=O)N2CCN(CC(F)(F)C(F)F)CC2)c1
5,CNC(=O)c1cc(N2CCOCC2)nc2c(C)cccc12
6,CCOC(=O)c1cc(NC(=O)c2ccccc2)n(C)n1
7,Cc1ccc(S(=O)(=O)NCc2ncn(C)n2)cc1Cl
8,O=C(Cc1ccc(Br)cc1)c1c(O)cc(O)cc1O
9,COc1ccc(C)cc1CS(=O)(=O)c1ccc(C(C)=O)cc1
10,Cc1ccc(Cl)cc1Nc1nc(=O)c(C)n[nH]1
11,CC(C)(C)OC(=O)N1CCC(COc2ncccc2C#N)CC1
12,CC(Sc1ccccn1)C(=O)Nn1cnc2ccccc21
13,CCCCn1c(SCC)nc2c1c(=O)[nH]c(=O)n2C
14,CCCCn1nc(C(=O)N2CCCC(c3cc(C)[nH]n3)C2)ccc1=O
15,COCC1CN(C(=O)NC(C)Cc2ccc(C)cc2C)CCO1
16,O=c1c(C(F)(F)F)cccn1CC1CCCCO1
17,Cc1ncc(-c2cnccn2)c(-c2cccs2)n1
18,Cn1c(=O)[nH]c(N2CCCCC2)c(Cc2ccccc2)c1=O
19,CNS(=O)(=O)c1ccc(CNC(=O)c2nccnc2N)s1
20,COc1ccc(OCCN(C)C(=O)c2sc(C)cc2OC)cc1
21,CN1C(=O)COC(c2ccc(NC(=O)C3CCOCC3)cc2)C1CO
22,COc1ccccc1NC(=O)Nc1ccc(NS(C)(=O)=O)cc1
23,Cc1nc(SCC(=O)N(C(C)C)C(C)C)n(CC(C)C)c1C
24,O=C(NCCNC(=O)c1cnn2c1OCCC2)c1cccs1
25,Cc1cc(=O)oc2c(C)c(OCC(=O)Nc3cccnc3)ccc12
26,Cc1cccc(C(=O)Nc2ccc(-n3ccc(C(N)=O)n3)cc2)n1
27,CCC(C)c1n[nH]c2c1CN(Cc1ccsc1)CC2
28,Cc1cccc(OCCNS(=O)(=O)N2CCOCC2)c1
29,C(=C(c1ccccc1)c1nnnn1-c1ccccc1)N1CCCCC1
30,CCOc1ccc(-c2nnc(NC(=O)c3cccs3)o2)cc1
31,CCCCn1nc(C2CCOC2)nc1-c1ccc2nc(C)[nH]c2c1
32,O=C(OCCn1c(=O)oc2ccccc21)c1cccs1
33,O=C(c1cc[nH]n1)N1CCCn2nnc(COCCO)c2C1
34,Cc1cc(CN(C)C(=O)Nc2ccc(OC(F)F)c(Cl)c2)no1
35,Cc1nc2ccccc2n1CCNC(=O)c1cccc(N(C)C)c1
36,c1ccc(-n2ncc3c(NC4CCCc5ccccc54)ncnc32)nc1
37,COc1ccc2c(c1)nc(C(N)c1ccccc1)n2CC#N
38,CCCc1nnc(NC(=O)c2cccc(Cl)c2)s1
39,CCCNS(=O)(=O)c1ccc(NC(N)=O)cc1
40,COc1cc(OC)cc(C(=O)Nc2cc(-c3ccccn3)no2)c1
41,COc1ccccc1NC(=O)NCCOc1ccc(F)cc1
42,COC(=O)c1cccc2c1CCCN2C(=O)c1occc1C
43,CNc1ncc(S(=O)(=O)NC2CCCCCC2)cc1C
44,Cc1ccc(C2CC(=O)c3cnc(NC(=O)C4CC4)nc3C2)cc1
45,N#Cc1ccc(NC(=O)C2CN(C(=O)c3cccs3)C2)cc1
46,NC(=O)NC(CC(=O)Nc1ccc(F)cc1)c1ccccc1
47,Cc1ccc(C(C)NC(=O)c2c(C)nn(-c3ccc(F)cc3)c2C)o1
48,CCCCS(=O)(=O)NCC(=O)Nc1ccc(C)cc1Cl
49,Cn1nc2cccc(NC(=O)c3ccc4c(c3)OCCO4)c2n1
50,Cn1c(CNCCc2nc(-c3ccccn3)cs2)nc2ccccc21
51,CCOC(=O)CC1NCCc2c(C)ccc(Cl)c21
52,CC1=C(C(=O)Nc2ccccc2)C(c2cccc(C)c2)n2ncnc2N1
53,CNC(=O)c1cc(S(N)(=O)=O)ccc1OC1CC1
54,CCn1nnc2cc(C(=O)Nc3ccc4c(c3)OCC(=O)N4)ccc21
55,Cc1nc(CNc2ncnc3c2cnn3-c2ccc(F)cc2)cs1
56,Cn1cc(NC(=O)C2CCCN(C(N)=O)C2)cn1
57,CCOc1ccc(C(=O)NCCN2CCOCC2)cc1
58,Cc1ccc(CC(=O)NCC(c2ccccc2)C(C)C)cn1
59,CC(=O)Nn1cnc2c(cnn2-c2cccc(Cl)c2)c1=O
60,Nc1cc(Cl)ccc1NCc1ccc2c(c1)OCO2
61,CCOC(C)c1noc(CN2CCN(c3cccc(C)c3C)CC2)n1
62,O=C(CN1CCN(c2ccccc2)C1=O)NCc1ccco1
63,COC(=O)NC(C)(C)C(=O)Nc1cnn(-c2ccccc2F)c1
64,Cn1cccc1CNc1ccccc1-n1ccnn1
65,COC(=O)CCc1c(C)nn(Cc2ccc(C)cc2)c1C
66,COc1ccc2oc(=O)c(C(=O)Nc3ccccc3O)cc2c1
67,COC(=O)Cc1ccc(NC(=O)c2cccnc2N)cc1
68,CCOCCc1c(O)nc(SCc2ccc(F)cc2)[nH]c1=O
69,CN(CCOc1ccccc1F)C(=O)Nc1ccc2c(c1)COC2
70,O=C(Nc1cc(Cl)cc(Br)c1O)c1cnc[nH]1
71,CCN(Cc1ccccc1)C(=O)CNC(C)c1cnc(C)s1
72,CCCNC(=O)Cn1ncn2nc(-c3cccs3)cc2c1=O
73,Cc1ccc(CN2CCN(C(=O)COc3ccc(F)cc3)CC2)cc1
74,Cc1nc2nc(C)c3c(=O)n(-c4nc5ccccc5[nH]4)ccc3n2n1
75,CN(Cc1cccnc1)C(=O)c1cccc(N2CCOC2=O)c1
76,CC(=O)c1c(C)[nH]c(C(=O)N(C)Cc2cnn(C)c2)c1C
77,CCNC(=O)Cn1nc(-c2ccc(Cl)cc2)ccc1=O
78,O=C(c1cc(F)ccc1Br)N1CCOC2CCCC21
79,Cc1nc(-c2ccc(S(=O)(=O)N3CCOCC3)cc2)co1
80,C#CCN1CCC(C(=O)Nc2cccc(CN(CC)C(C)=O)c2)CC1
81,CN(CC(N)=O)C(=O)C(C)(C)Oc1ccc(Cl)cc1
82,CC(=O)c1ccc(NC(=O)CCCc2csc(C)n2)cc1C
83,O=C(CCNC(=O)c1ccco1)NC1c2ccccc2CC1O
84,COCCN1C(=O)c2ccccc2NC1c1cccs1
85,CCCCOc1cccn(Cc2ccc(C#N)cc2)c1=O
86,COc1c(Cl)ccc2c1C(CC(C)(C)C)NCC2
87,OCCC(NCc1ccc(Cl)c(Cl)c1)c1ccccc1
88,COc1ccnc(N2CCCC2c2c(C)nn(C)c2OC)n1
89,CC(=O)c1cncc(-c2ccc(C(F)(F)F)cc2)c1
90,CN(C)c1nnc(SCc2noc(-c3ccc(F)cc3)n2)s1
91,Cc1csc(C(C#N)C(=O)c2cccc(OCc3cccnc3)c2)n1
92,CC1(C)CNC(=O)c2nc(-c3coc(-c4ccccc4)n3)[nH]c2C1
93,Cc1ncc2c(n1)C1(CCCN(S(C)(=O)=O)C1)OCC2
94,Cc1cccc(C2(CNC(=O)c3ccn(C)c(=O)c3)CCCCC2)c1
95,CCN(CC1CC1)C(=O)NCc1ccc(C)s1
96,O=S(=O)(NC1CCCc2cn[nH]c21)c1cncc(Cl)c1
97,C=CCn1c(C)nnc1SCC(=O)Nc1ccnn1C1CCCC1
98,CNc1nc(CC(=O)c2ccccc2)nc(NC)n1
99,CCN(CC(C)C(=O)OC)S(=O)(=O)c1ccc2[nH]c(=O)[nH]c2c1
100,O=C(NCc1ccccc1F)Nc1c(F)cccc1F
101,Cc1nc(C(C)NS(C)(=O)=O)n(-c2ccc(Cl)c(Cl)c2)n1
102,Cc1ccccc1CNC(=O)CCNS(=O)(=O)c1cccs1
103,CCCS(=O)(=O)NCC(=O)c1cc(C)ccc1OC
104,Cc1c(C(=O)OCc2cnn(-c3ccccc3)n2)cnn1C
105,Cc1ccccc1NC(=O)C(C)Sc1nc(N)c(C#N)cc1C#N
106,Cc1noc(C2CCN(C(=O)c3cccnc3N(C)C)CC2)n1
107,CN1c2ccccc2C(=O)NC1c1csc(-c2ccco2)n1
108,CC(C)(C)n1cc(NC(=O)NCC(F)(F)F)cn1
109,Cc1csc(CN(C)C(=O)NCC(C)Oc2ccccc2C)n1
110,O=C(CSc1n[nH]c(=O)n1C1CC1)NCc1ccccc1
111,COc1cccc(C(=O)Nc2cccc(-c3nc4cnccc4o3)c2)c1
112,COc1ccc(Br)c(CN2CCOC3(CCC3)C2)c1
113,COc1cc(OC)c2c(N(C)C)cc(C#N)nc2c1
114,N#Cc1ccc(C(=O)NCc2noc(CCc3ccccc3)n2)cc1
115,CCN(Cc1ccco1)S(=O)(=O)c1ccc2c(c1)NC(=O)CO2
116,CC(=O)c1cc2c(cc1NC(=O)c1ccc(F)cc1)OCO2
117,COCCN(C)C(=O)NC1CCc2c(Br)cccc21
118,CC1CCCN(C(=O)Nc2cccc(N3CCCNC3=O)c2)C1CO
119,O=C1CC(c2ccccc2)N(C(=O)Cc2noc3ccccc23)CCN1
120,CC(C)N1CC(C(=O)NC(c2ccccc2)C(F)(F)F)CC1=O
121,O=C(Cc1csc(-c2cccc(F)c2)n1)NC1CC1
122,COC(=O)C(C)Oc1ccc(CN2CCOC(C)C2C)cc1
123,COc1ccc(C2Nc3cc(Cl)ccc3C(=O)N2C)cc1F
124,CC1(CNC(=O)c2cnc(C3CCCO3)s2)CCCO1
125,Cc1nn(C)c2ncc(NC(=O)c3cc(Br)cn3C)cc12
126,O=C(NCCCO)C1CCN(C2=NC(Cl)=NC3=NC=NC32)CC1
127,Cc1cc(COC(=O)c2cc(C)nn2C)nc(N2CCCCC2)n1
128,CCn1c(=O)c2[nH]c(N)nc2n(CC(C)C)c1=O
129,CC(C)Oc1ccc(NC(=O)c2ccc(NS(C)(=O)=O)cc2)cc1
130,CS(=O)(=O)c1cccc(OCc2nc(-c3cccs3)no2)c1
131,COc1ccc(S(=O)(=O)NC(C)C(N)=O)cc1C
132,COc1cccc(NC(=O)Nc2ccn(CCc3ccncc3)n2)c1
133,Cc1cc(C)c(NC(=O)c2ccc(F)cc2F)c(C)c1
134,Cc1cccn2c(=O)nc(SCC(=O)N3CCOCC3)nc12
135,CC(=O)N1C=Cc2ccccc2C1CC(=O)OC(C)c1ccccn1
136,O=C(c1c[nH]nn1)N(Cc1ccccc1)C1CCCCC1O
137,CCOC(=O)CNC(=O)c1cc(OC)ccc1OC
138,Cc1ccc(NC(=O)CNC(=O)c2ccc(C)s2)nc1
139,CCCC1CN(C(=O)Cc2c(C)noc2C)CCO1
140,O=C(CSc1nc(=O)n2ccccc2n1)N1CCc2ccccc21
141,N#Cc1ccccc1OS(=O)(=O)c1ccc(Cl)cc1
142,N#CC(NC(=O)Cc1ccc(F)cc1F)c1ccccc1F
143,N#Cc1cc2c(nc1SC1CCOC1=O)CCCC2
144,COc1ccc(CNC(=O)Nc2nnc(Cc3ccccc3)o2)cc1
145,CC(NC(=O)c1n[nH]c(=O)[nH]1)c1ccc(OC(F)F)cc1
146,COc1ccc(OC)c(C(=O)CNC(=O)Cc2ccccc2)c1
147,COc1cccc(-c2cc(C(=O)NCCCc3ccncc3)[nH]n2)c1
148,O=S(=O)(NCCCn1cncn1)c1ccc(F)cc1Cl
149,Cc1ccc2ncc(C(=O)Nc3cccc(F)c3)n2c1
150,CC(CNC(=O)C1CCN(c2cnccn2)CC1)c1cccs1
151,NC(=O)NCc1ccc(NC(=O)C2(c3ccc(Cl)cc3)CC2)cc1
152,CCc1ccccc1NS(=O)(=O)c1ccc2[nH]c(=O)[nH]c2c1
153,Cn1cc(C(=O)N2CC3CCCC3(COCc3ccncc3)C2)cn1
154,CC(C)Cc1ncc2c(n1)CN(C(=O)COc1ccccc1Cl)C2
155,O=C(NCCCc1nc2ccccc2[nH]1)c1ccc2[nH]nnc2c1
156,CCN(CC(=O)NC(C)(C)C)C(=O)Cn1ccc(C(F)(F)F)n1
157,CCN(CC)C(=O)Oc1cc(=O)n(C)c2ccccc12
158,Nc1c(Cl)ccc2c1CS(=O)(=O)N(c1ccccc1)C2
159,CC(C)CN(CC(N)=O)S(=O)(=O)c1c(Cl)cccc1Cl
160,CC(=O)Nc1cc(NC(C)=O)cc(C(=O)NCc2ccccn2)c1
161,Nc1ccc(S(=O)(=O)N2CCCCCC2)cc1
162,COCCn1cc2c(n1)C(CNC(=O)c1ccc(C)o1)OCC2
163,Nc1c(NCCc2cccs2)ncnc1-n1nnc2ccccc21
164,CN(Cc1nnc2n1CCC2)C(=O)NC1CCc2ccccc21
165,CC(C)NS(=O)(=O)c1ccc(Br)cc1
166,O=C(c1ccccc1)N(Cc1ccccn1)c1ccc(F)cc1
167,Nc1cccc(CCNCc2ccccc2Cl)c1
168,Cc1cc(C(=O)NCc2ccco2)c(C)n1Cc1ccco1
169,CCN1CCc2nc(NC(=O)C3(C)CC3(Cl)Cl)sc2C1
170,O=C(NCc1csc(=O)[nH]1)c1cncc(-c2ccccc2)c1
171,CC(C)NC(=O)CCCC(=O)Nc1c[nH]cc(Br)c1=O
172,Cc1ccc(NC(=O)C(C)Sc2nncn2N)c(C)c1
173,CN(CCCCc1ccccc1)C(=O)NCc1ncn(C)n1
174,CC(C)(CNC(=O)C12CC3CC(CC(C3)C1)C2)N1CCOCC1
175,Cc1cccc(C(=O)NCc2cccnc2OCC(F)(F)F)c1C
176,CCc1ncc(C(=O)N2CCC(c3nncn3C)CC2)cn1
177,CC(C)n1cc(S(=O)(=O)N2CCN(S(C)(=O)=O)CC2)cn1
178,Cc1ccc(S(=O)(=O)Nc2ccc(N3CCNC3=O)cc2)cc1C
179,COCCNC(=O)C1CCC(=O)N(C)C1c1cccs1
180,c1coc(-c2nc(Cn3nnc(-c4ccsc4)n3)cs2)c1
181,CC(=O)Nc1cccc(NC(=O)CCOc2cccc(N)c2)c1
182,Cc1ccccc1NC(=O)C1CCCN1C(=O)Oc1ccccc1
183,Cc1ccc(CN(CC(N)=O)S(=O)(=O)c2ccc(C)cc2)cc1
184,Cn1ccnc(NC(COc2ccccc2F)c2ccccc2)c1=O
185,CCn1c(=O)c(=O)[nH]c2cc(C(=O)N3CCN(C(C)=O)CC3)ccc21
186,O=C(Nc1cccc(-c2ccn[nH]2)c1)c1ccc(-n2cnnn2)cc1
187,COc1ccccc1C(C)NC(=O)c1ccc(CNC(N)=O)cc1
188,COc1cc2c(=O)c(C#N)c[nH]c2cc1OCc1ccccc1
189,Cn1cc(N2CCN(Cc3ccsc3)CC2=O)cn1
190,CC(C)Cc1cc(-c2nc(-c3ccsc3)no2)[nH]n1
191,O=C(CCCc1nc2ccccc2[nH]1)NCc1ccccc1
192,COC(=O)C(NC(=O)c1ccc(Cl)cc1Cl)C(C)C
193,CNC(=O)C(C)NC(=O)C(C)(C)NC(=O)OC(C)(C)C
194,OC(CCc1cccc2ccccc12)c1ccccn1
195,O=C(NCCOC(=O)c1csc2c1CCCC2)c1ccncc1
196,CCCCCC(=O)Nc1ccc(CC(=O)NC)cc1
197,CN(CCc1ccc(F)cc1)c1ncnc2nc[nH]c12
198,CC(=O)c1csc(-c2ccc3c(c2)OCCO3)n1
199,CC(C)OCC(=O)N1CCOC(c2ccc(Cl)cc2)C1
200,Cc1cc(C(=O)N2CCC(O)C2Cc2ccccc2)c(C)o1
201,CCC(C)NC(=O)c1nn(-c2ccc(C)cc2)nc1CO
202,CCCC(C)NC(=O)COc1cccc(C)c1N
203,CS(=O)(=O)NC1CCN(c2cccc(F)c2C#N)CC1
204,N#CCOc1cccc(CC(=O)NC2CCCC2)c1
205,CCCN(CC(F)F)C(=O)C(C)NC(=O)c1ccco1
206,CC(Sc1ncc2ccccn12)C(=O)NCC(F)(F)F
207,CN(C)c1ncccc1C(=O)Nc1cc2c(cc1Cl)OCO2
208,CN1CCN(S(=O)(=O)c2cn(C)cn2)CC1c1ccccc1
209,COc1cccc(CC(=O)Nc2nnc(-c3sc(C)nc3C)o2)c1
210,Cc1nnc(N2CCC3(CC2)OCCCC3O)o1
211,CCS(=O)(=O)NCCNc1ncnc2[nH]cnc12
212,CC(=O)Nc1ccc(S(=O)(=O)N2CCc3[nH]cnc3C2)cc1
213,CCc1ccc(-c2cc(C#N)nn2CC(O)CO)cc1
214,C=CCn1nc2n(c(=O)c1=O)CCN2c1ccc(OCC)cc1
215,CC(CNC(=O)c1ccc(F)nc1)N1CCc2ccccc21
216,Cc1c(C(=O)N2CCOCC2C2CC2)cnn1-c1ccc(F)cc1
217,O=C(CSc1ccccc1F)NC1CCCCC1
218,Cc1noc(C2CCCN2C(=O)c2c(C)noc2C)n1
219,Cc1ccc(C#N)c(N2CCC(O)(C3CCOCC3)C(C)C2)n1
220,Cc1ccc(CNC(=O)c2ccc(C)c(N)c2)cn1
221,CC(C)CCCNC(=O)Nc1ccc(F)cc1C#N
222,CC(NC(=O)Nc1ccc2oc(=O)ccc2c1)C(=O)NC(C)(C)C
223,Cc1cccc(OC(C)C(=O)Nc2ccccc2-n2ccnc2)c1
224,CC(C#N)CN(C)C(=O)c1[nH]c2ccccc2c1Cl
225,O=C(c1cccc(F)c1)N1CCC(c2nnc(-c3ccco3)o2)CC1
226,CCC(=O)Nc1cc(Cl)ccc1N1CCN(C(=O)C(C)C)CC1
227,NC(=O)C1CCCC1NC(=O)C1COc2ccc(F)cc2C1
228,COCCCCNC(=O)N1CCCC(C(=O)Nc2nccs2)C1
229,O=S(=O)(NCc1cccnc1)c1ccc(Cl)cc1F
230,COCCn1ccc2ccn(Cc3cccc(F)c3)c(=O)c21
231,O=C(c1cnccn1)N1CCC(O)C1Cc1cccnc1
232,COc1ccc(OC)c(NCc2ccc(C#N)cc2)c1
233,Cc1c(C(=O)NCC2CCCO2)nnn1-c1ccccc1
234,CCC(NC(=O)c1ccc(C(C)(C)C)[nH]c1=O)c1ccc(OC)cc1
235,CCOc1ccc(Nc2ncccc2C(=O)OCC#N)cc1
236,CC(NC(=O)Nc1ccc2c(c1)COC2)c1cn(-c2ccccc2)nn1
237,Cc1noc(C)c1CCC(=O)NCC1(O)CCCC1
238,CCC(C)NC(=O)c1cc(S(=O)(=O)N2CCCC2)ccc1Cl
239,N#Cc1cccc(C(=O)Nc2sccc2C(=O)NC2CC2)c1
240,Cc1ccccc1CN(C)C(=O)C(C)Sc1nnc(C2CC2)n1C
241,Cc1ccc(F)cc1NC(=O)CSc1n[nH]c(N)n1
242,Cc1ccccc1-n1ncc2c(=O)n(CC(=O)N(C)C)cnc21
243,CCc1cccc(NC(=O)c2cc(C3CC3)nc3c2c(=O)[nH]n3C)c1
244,Cc1ccc(CNC(=O)c2n[nH]c(=O)[nH]2)c(N(C)C)c1
245,O=C(CCN1CCCC1=O)Nc1cc(F)c(F)c(F)c1
246,Cc1cccc(NC(=O)CSc2nnnn2C2CCCC2)n1
247,Cc1cccc(C)c1NC(=O)NCc1ccccc1
248,Nc1cc(F)ccc1NC(=O)c1c(F)cccc1F
249,Cc1cccc(CS(=O)(=O)NCc2ccsc2)c1
250,O=C(CCC(=O)c1ccccc1)Nc1cccc(F)c1
251,Cc1nc(C)c(CNCc2cccc(CN3CCOC(C)C3)c2)s1
252,COC(=O)c1ccc(NC(=O)NC2CCC(=O)N(C)C2)cc1Cl
253,O=C(NCc1nc(-c2cccc(F)c2)c(-c2ccccn2)[nH]1)C1CC1
254,COc1ccccc1N1CCN(C(=O)CN(C)S(C)(=O)=O)CC1
255,Cc1csc(S(=O)(=O)C(C)C(=O)Nc2ccc(F)c(F)c2)n1
256,Cc1ncc(Cl)c(C(=O)NC(C)c2ccc(C)c(F)c2)n1
257,CCCSc1ccc(N)c(NS(=O)(=O)CCC)c1
258,O=C(NCCc1nc(-c2ccc(F)cc2)no1)c1ccco1
259,CC(=O)Nc1ccc(NCc2cccc(F)c2)cc1
260,O=C1c2cnc(N3CCC(O)CC3)nc2CN1c1ccc(Cl)cc1
261,CCc1ccc(C(C)NC(=O)CN2CCOCC2(C)C)cc1
262,COCCc1ncc(C(=O)N2CCOCC2)c(N)n1
263,Cc1cc(CN(C)C(=O)c2ccc(N3CCOC3=O)cc2)no1
264,O=C(CSc1nncs1)Nc1cc(F)ccc1F
265,CCOc1cc(F)ccc1NC(=O)C1CCCC1
266,c1ccc(NCc2n[nH]c(-c3cnccn3)n2)cc1
267,COC(=O)c1ccnc(-c2nc(=O)c3c([nH]2)sc2ccccc23)c1
268,Cc1noc(C)c1CC(=O)N1CC(c2nc(-c3cccs3)no2)C1
269,c1ccc2c(C3NCCc4ccc5c(c43)OCO5)c[nH]c2c1
270,O=C(Cc1cccnc1)N1CCN(c2ncnc3ccccc23)CC1
271,CCNC1=NS(=O)(=O)c2cc(Cl)ccc2N1
272,CCOC(=O)Cc1nnc(NC(=O)OCC)s1
273,CCOC(=O)c1ccc(N2Cc3cccc(OC)c3OCC2=O)cc1
274,C#CCNC(=O)CSc1nnc(C)n1-c1ccccc1C
275,CC1CCN(C(=O)CN(C2CCCCC2)S(C)(=O)=O)CC1
276,CNC(=O)Cc1ccccc1NC(=O)NC1CCc2ccccc2C1
277,CCN(CC(C)C#N)C(=O)CNc1cccc(Cl)c1-n1cccn1
278,COc1ccc(S(=O)(=O)NCC2(O)CCOCC2)cc1Cl
279,CN(C(=O)c1ccccc1OCC1CC1)C1(C#N)CCC1
280,CC(=O)N1CCc2c(c(-c3cccc(N)c3)nn2C(C)(C)C)C1
281,CCN(C(=O)C1CC(=O)N(CCOC)C1)c1ccc(F)c(F)c1
282,O=C(Nc1ccc(C(=O)NC2CC2)cc1)c1cc2cccnn2c1
283,CCC(NC(=O)N1CCOCC1C1CC1)c1ccc(Cl)cc1
284,COC(=O)Nc1ccc(NC(=O)NCc2cnn(C)c2)cc1
285,CC(=O)c1ccc(OCc2nc(CC(C)C)no2)cc1
286,COC(=O)C(NC(=O)c1cc(C)no1)c1cc(F)ccc1F
287,CCS(=O)(=O)NC1CCN(C(=O)c2ccc(F)cc2)CC1
288,Cc1noc(C)c1C(C)NC(=O)Cc1csc(C(C)C)n1
289,CCCCC(=O)OCC(=O)Nc1c(C)cc(C)cc1C
290,CNS(=O)(=O)c1ccc2c(c1)N(C)C(=O)C(C)O2
291,O=C(C(c1cccc(O)c1)N1CCOCC1)N1CCNCC1
292,CCCN(CC(=O)OC)C(=O)c1ccc(C)s1
293,CCCc1ncc(C(=O)N(CCC)CCC)c(N)n1
294,COc1ccccc1CCc1nc(-c2ccc(=O)[nH]c2)no1
295,COCCOc1ncccc1NC(=O)NCc1ncc[nH]1
296,Cn1ncc2c(=O)n(CCOc3ccccc3)cnc21
297,CC(C)n1c(CCNC(=O)Cc2ccc(F)cc2)nc2cccnc21
298,C=CCn1c(SCCC#N)nnc1-c1ccoc1C
299,Cc1ccc(S(C)(=O)=O)cc1S(=O)(=O)Nc1c(C)n[nH]c1C
300,COCCNC(=O)c1ccc(-n2nnc3ccccc3c2=O)cc1
301,CCc1noc(CNc2cccc(C#Cc3ccccc3)c2)n1
302,Cc1nc(C(=O)N(C)CC(=O)NC2CC2)nn1-c1ccc(Cl)cc1
303,Cc1cnn(CC2CCCN2C(=O)c2ccccc2OCC2CC2)c1
304,O=C(NCc1cc(Cl)c2c(c1)OCCCO2)Nc1ccccc1
305,CC(NC(=O)CCC(=O)Nc1nccs1)c1ccc(F)c(F)c1
306,C#CCSc1nnc2c3ccccc3n(CC=C)c2n1
307,CC1CN(Cc2ccnn2C)CC(c2ccccc2)O1
308,CC(C)(C)NC(=O)NC1CCN(C(=O)c2cccc3ccoc23)C1
309,CCC(=O)NC1CCCN(C(=O)c2c(C)cc(C)cc2C)C1
310,Cc1c(C)c(C)c(S(=O)(=O)N2CCC(O)CC2)c(C)c1C
311,Cc1cccc(S(=O)Cc2ccc(Cl)cc2N)c1
312,O=C(NCC1(CO)CC1)c1cc(C(F)(F)F)cc(C(F)(F)F)c1
313,COc1cccc(-c2nc3sccn3c2CC#N)c1
314,CCn1c(SCC(=O)c2ccccc2)nnc1-c1cccnc1
315,O=C(NC1CCCCCC1)c1ccc(=O)n(Cc2ccc(F)cc2)n1
316,COc1ccc(C)cc1CN1C(=O)C(C)CS1(=O)=O
317,COc1ccc(CNC(=O)c2c(C)nn(Cc3ccccc3)c2C)cc1
318,Cc1ccc(O)c(C(=O)NCCc2ccc3c(c2)OCCO3)c1
319,CCn1c(C2CC(=O)N(c3ccccc3)C2)nc2ccccc21
320,O=C(NC1CCCC1)N1CCC(O)(C(F)(F)F)CC1
321,CC(=O)Nc1ccc(Nc2ncnc(N3CCCCCC3)c2N)cc1
322,Cc1cc(C)cc(-c2nnc(SCC(N)=O)o2)c1
323,CSc1nsc(NC(=O)NCc2nc(C)sc2C)n1
324,Cc1ccc(C)c(C(C)NC(=O)C(C)NC(=O)c2ccco2)c1
325,COCC1CCCN(C(=O)c2ccc(-c3ccccc3)cc2)C1
326,COc1ccc(C(=O)NC(C(=O)Nc2cccnc2)C(C)C)cc1
327,CN1C(=O)C(c2cccnc2)CC12CCN(c1ncc(F)cn1)CC2
328,CN1CC(=O)N2CCN(C3CCN(S(C)(=O)=O)CC3)CC2C1=O
329,COCCN1CCC2(CCCN(C(=O)c3cnoc3C)C2)C1=O
330,O=c1c(Cl)c(N2CCc3ccccc3C2)cnn1-c1ccccc1
331,Nc1cnnc(-c2cc(Br)ccc2F)n1
332,O=C(NCCCCN1CCOCC1)c1ccc(F)cc1
333,COc1ccc(C(=O)COC(=O)c2ccc(Cl)c(N)c2)cc1F
334,Cc1cc(C2CCCN2C(=O)c2ccc(C(N)=O)nc2)on1
335,COc1cc(C#N)cc(Cl)c1OCC(=O)NCC(C)C
336,Fc1ccc2nc(CN(Cc3cccnc3)Cc3ccco3)ccc2c1
337,Cc1ccc2[nH]nc(C(=O)N(C)Cc3ccc(C)o3)c2c1
338,CCNC(=O)c1ccc(C)c(NCc2cccc(C(=O)NC)c2)c1
339,Cc1noc(C)c1Cn1nnc(CO)c1C1CCC1
340,NC(=O)CCSc1ccccc1NC(=O)Cc1ccccc1Cl
341,COc1cc(CO)ccc1OCc1cn2ccccc2n1
342,Cc1noc(C)c1CCCNC(=O)N1CC(C)CCC1C
343,Cc1ccc(NC(=O)N2CCN(S(C)(=O)=O)CC2)cc1C
344,COc1ccc(F)cc1S(=O)(=O)NCCN1CCOCC1
345,Cc1sc(-n2cccc2)c(C(=O)Oc2cccc(C(N)=O)c2)c1C
346,O=C(Nc1cccc(Cl)c1O)c1ccn2cncc2c1
347,Cc1ccc(C)c(C(=O)COC(=O)c2nc3nc(C)cc(C)n3n2)c1
348,CC1CN(C(C)(C)CNC(=O)c2cc[nH]n2)CC(C)O1
349,COc1ccc(C2CCCCCN2C(=O)CSc2ncn[nH]2)cc1
350,Cc1cc(N2CCCC2c2cccc(C)n2)ncn1
351,COc1cc(C)c(C)cc1C(=O)CCc1nc(C)cs1
352,CC(C)(C)OC(=O)NC1(C(=O)NCC2CC2)Cc2ccccc2C1
353,O=C(NC1CCC(NC(=O)C2CC2)CC1)C1CC1
354,COc1cccc(CNC(=O)c2cccc(C#N)c2)c1
355,CS(=O)(=O)N1CCC(c2nccnc2-c2cn[nH]c2)CC1
356,O=C(Nc1nncs1)c1cc(-c2ccccc2F)on1
357,COc1ccccc1NC(=O)N(C(C)C)C(C)C
358,Cc1ccc(OCC(=O)N(C)Cc2ccc3c(c2)OCCO3)cc1C
359,N#CCSc1nc2cc(Cl)ccc2c(=O)n1Cc1ccco1
360,CNC(=O)C1(NC(=O)c2cnn(C(C)(C)C)c2)CCCCC1
361,CN(C)S(=O)(=O)c1ccc(NC(=O)C#Cc2ccccc2)cc1
362,COCCCCN1CCOC(c2ccc(Br)cc2)C1
363,Cc1cc2nc(C(=O)NCc3ccc(F)cc3)c(=O)n(C)c2cc1C
364,CN(C)c1nc(N)nc(CSc2nc(-c3ccccc3)n[nH]2)n1
365,CCC1CCCN(C(=O)Nc2cccc(Oc3ncccn3)c2)C1
366,COc1ccncc1NC(=O)c1ccccc1OC(C)C
367,C=C(C)Cn1c(-c2ccc(F)cc2)ccc(C#N)c1=O
368,CCc1nnc(SC(C)C(=O)c2ccc(OC)cc2)n1N
369,CN1CC2(CCCCN2C(=O)Cc2ccsc2)CC1=O
370,CC(C#N)CN(C)C(C(=O)N1CCOCC1)c1ccccc1
371,NC(=O)CCN(Cc1ccccc1)C(=O)C1CC2CCC1O2
372,Cc1ccc(C)c(C(C)NC(=O)N2CCCC(CC(N)=O)C2)c1
373,Nn1c(SCc2nnc(C3CC3)o2)nnc1-c1ccccc1F
374,Cc1ccc(C2N(c3ccccn3)C(=O)C3CCCN32)o1
375,CCN(Cc1ccncc1)C(=O)C1(C)CC1(Cl)Cl
376,CC(c1ccccc1F)N(C)C(=O)c1cn(Cc2ccccc2)nn1
377,O=C(c1ccc(F)cc1F)N(CCO)Cc1ccccc1
378,Cc1cc(NC(=O)C(C)(C)C)sc1C(=O)N1CCNC(=O)CC1
379,CCCn1cc(NC(=O)Nc2cc(-c3ncco3)ccc2C)cn1
380,CCn1nc(C)c(NC(=O)C2(C)Oc3ccc(C)cc3NC2=O)c1C
381,O=C(NCC(F)(F)F)C1CCN(C(=O)COc2ccccc2)CC1
382,O=C1OC(=C2OC(=O)c3ccccc32)c2ccccc21
383,CC(=O)N1CCN(c2ncccc2-c2nnc(C)o2)CC1
384,COC(=O)c1c(NC(=O)C(C)OC)sc2c1CCCCC2
385,Cc1nc2c(c(N3CCC(O)C3)n1)Cc1ccccc1OC2
386,O=C(Nc1ncc(-c2ccccc2)s1)NC1(CCO)CCC1
387,CCOCC(=O)Nc1nnc(C2CCCCC2)s1
388,Cc1ocnc1CNS(=O)(=O)c1cnn(C(C)C)c1
389,COc1ccc(OC)c2c1cc(C(=O)NC1CCCOC1)n2C
390,CC(Oc1ccc2c(c1)CCC2)C(=O)Nc1cc(=O)n(C)c(=O)n1C
391,NC(=O)C1CN(Cc2c[nH]nc2-c2ccc(F)cc2)CCO1
392,c1nnc(-c2ccc(OCc3nc(-c4ccsc4)no3)cc2)o1
393,Cc1cccc(Cl)c1NC(=O)N1CCC(c2ccn[nH]2)CC1
394,CCn1ncn2c(=O)c3c4c(sc3nc12)COC(C)(C)C4
395,CC(NC(=O)c1cccnc1)OCC(O)c1ccc2sccc2c1
396,CN(CC1COc2ccccc2O1)c1nccn2cnnc12
397,COc1ccccc1NC(=O)COc1ccc(Cl)cc1C(N)=O
398,CN(C)c1cccc(C(=O)N2CCC(c3ccccc3)C2)c1
399,O=C(CCNc1ccc(F)cc1)c1cc2ccccc2oc1=O
400,CCCc1cc(=O)[nH]c(SCC(=O)Nc2ccc3c(c2)OCO3)n1
401,COCCOc1cccc(NC(=O)c2cccc(C)c2O)c1
402,CSc1nsc(SCC(=O)Nc2ccc(C(N)=O)cc2)n1
403,Cc1cccc2c1C(c1cc(=O)[nH]c3ccccc13)NCC2
404,O=C(NCCNc1ncccn1)c1ccc(F)c(F)c1
405,O=C1c2cnc(N3CCC(O)CC3)nc2CN1C1CCCC1
406,CCOc1cccc(C(C)NS(=O)(=O)c2cnn(C)c2)c1
407,Cc1ccccc1S(=O)(=O)N(CCC#N)C1CCCC1
408,Cc1cc(C2CCCCCN2S(=O)(=O)c2ccc(F)cc2)on1
409,COc1ccc(CCC(=O)Nc2cc(C)nn2C)cc1OC
410,O=C1OC(O)C(=O)C1c1ccc(Br)cc1
411,N#Cc1ccc(CCC(=O)N2CCN(Cc3ccccc3)CC2)cc1
412,CNC(=O)C1CCCCN1C(=O)CC(NC(N)=O)c1ccccc1C
413,Cc1ccc(-c2nonc2NC(=O)c2ccco2)cc1C
414,COc1ccccc1S(=O)(=O)N1CCC(n2c(C)ccc2C)CC1
415,COc1cc(C)c(S(=O)(=O)Nc2cccc(Cl)c2)cc1OC
416,COC(=O)c1ccc(Cl)c(NC(=O)C2CC2)c1
417,Cc1cccnc1NC(=O)C1(n2cnnn2)CCCCC1
418,CCc1ccc(-c2noc(CSc3nncn3C)n2)cc1
419,COC(=O)c1cc(CNC(=O)N2CCCCC2C)oc1C
420,CCC1COCCN1C(=O)c1c[nH]nc1-c1cccs1
421,COc1ccccc1NC(=O)CN1C(=O)c2ccccc2S1(=O)=O
422,Cc1noc(C)c1C(=O)Nc1ccc(Oc2ccc(F)cc2)cn1
423,CCN(C(=O)c1ccc(NC2CC2)nc1)c1ccc(OC)nc1
424,O=C(COc1ccccc1)Nc1ccccc1Cn1cccn1
425,COc1ccccc1CNCC(O)c1ccc(F)cc1
426,COc1ccc(NC(=O)c2cccc(NC(C)=O)c2)c(N)c1
427,O=c1n(Cc2ccccc2)c2ccncc2n1Cc1nnc(C2CC2)o1
428,Cc1cccc(C(=O)N2CCCC(C(N)=O)C2)c1C
429,Cc1ccc(C(NC(=O)c2ccc(=O)n(C)n2)c2ccccc2)cc1
430,CC(C)CCn1nnc(CO)c1Cc1ccccc1
431,Cc1cc(NC(=O)NC(C)c2ccco2)c2ncccc2c1
432,CC(C(=O)N1CCCC1)n1nc(-n2cccn2)ccc1=O
433,O=C(c1ccc2c(c1)CCO2)N1CCOCC1C1CC1
434,CN(Cc1c(F)cccc1Cl)C(=O)CNC(=O)c1ccco1
435,Cc1oc(-c2ccccc2)nc1C(=O)N1CCOCC1
436,C=CCOC(=O)c1cccc(OC)c1OC(F)F
437,O=C(Nc1ccccn1)c1cc(C(F)(F)F)n[nH]1
438,CCOCCCNC(=O)c1cc(-c2cccc(F)c2)no1
439,COc1ccc(S(=O)(=O)NCCC(=O)NC(C)(C)C)cc1
440,CCCn1c(SCC(=O)Nc2nc3ccccc3s2)n[nH]c1=O
441,CNC(=O)COC(=O)c1ccccc1SCc1cscn1
442,Cn1nnnc1-c1cccc(NC(=O)c2cc(F)cc(F)c2)c1
443,O=C(NCC(=O)N1CCCC1)c1ccc(-n2cccc2)cc1
444,CC(=O)Nc1ccc(C(=O)NCC#CCOc2ccccc2F)cc1
445,CCN(C(=O)CCc1nc(C)no1)c1ccc(F)cc1
446,Cc1ccccc1SCC(=O)N1CCC(CO)C1
447,Cc1nc(CNC(=O)c2nc(-c3ccccc3)oc2C2CC2)oc1C
448,O=C(c1c[nH]c2ccccc12)C(NCC1CCCO1)c1ccccc1
449,CC(C)C(C(c1ccccc1)c1ccccn1)N1CCOCC1
450,c1cc(-c2nc(CN3CCCC4(C3)OCCO4)no2)co1
451,Nc1cnccc1C(=O)Nc1ccc(F)c(Cl)c1
452,CS(=O)(=O)N1CCC(NC(=O)CCOc2cccc(F)c2)CC1
453,CCN1CC(C(=O)N2CCCc3cccc(C)c32)CC1=O
454,COc1cc(NC(=O)c2cccnc2)c2ncccc2c1
455,N#Cc1ccc(-c2noc(C=Cc3cncc(F)c3)n2)nc1
456,Cc1cc(C)n(CCCNC(=O)Cc2cnn(-c3ccccc3)c2)n1
457,O=S(=O)(Nc1cccc(F)c1)c1ccc2c(c1)CCN2
458,COCc1ccccc1NCC(=O)Nc1ccccc1OC
459,Cc1cc(OCC(=O)NC2CCCCC2)ccc1N
460,Cc1oc(-c2cccs2)nc1CSc1nnc(C)n1N
461,CCc1ccc(S(=O)(=O)NCCC(O)c2ccco2)s1
462,Nc1ccccc1OCCCc1nc(-c2ccncc2)cs1
463,O=C(COC(=O)Cc1c[nH]c2ccccc12)Nc1ccc(Cl)cn1
464,Cc1ccccc1CN(C)C(=O)c1ccc(F)cc1F
465,CCN1C(=O)C(NC(C)=O)c2cc(Cl)ccc21
466,CCc1cc(S(=O)(=O)N2CCCCC2)ccc1OC
467,O=C(NCc1noc(-c2ccco2)n1)c1cccc2ccnn12
468,CC1CN(Cc2c(O)c(=O)cc(CO)n2C2CC2)CC(C)O1
469,CC(=O)c1cccc(NC(=O)N2CCC(O)(c3cccnc3)CC2)c1
470,O=C(NCCCc1nc2ccccc2[nH]1)c1cc(-c2ccccn2)n[nH]1
471,Cc1ccc(C(=O)N2CCN(CC(F)F)CC2)o1
472,Cc1cc(CN(C)C(=O)c2ccc(O)c(Cl)c2)no1
473,CC(=O)c1ccc(N2CCN(C(=O)Cn3ccnc3)CC2)c(F)c1
474,CNC(=O)C1CN(C(=O)NCc2cccc(F)c2)CC12CCCC2
475,CCc1cccc(C)c1N1CC(c2nc(-c3cccnn3)no2)CC1=O
476,O=C(c1ccn(COc2cccc(C(F)(F)F)c2)n1)N1CCCC1
477,Cc1ccc(C#N)c(SCCCn2c(=O)[nH]c3ccccc32)n1
478,CCc1cc(=O)[nH]c(-c2cccc(NC(=O)c3cc[nH]n3)c2)n1
479,CCOC(=O)C(O)(c1cn[nH]c1C)C(F)(F)F
480,COc1cc(OC)cc(-c2cc3nc(C)cc(C)n3n2)c1
481,COC(=O)CCCn1ccnc1-c1ccc2ccccc2n1
482,O=C(Nc1ccc2[nH]ncc2c1)c1n[nH]c2c(Cl)cccc12
483,CC(C)Oc1ncccc1NCc1csc(-c2ccccn2)n1
484,Cc1ccc(C(O)Cn2cnc3sc4c(c3c2=O)CCC4)cc1C
485,COc1cccc(N2CCCC(NC(=O)CCC(C)(C)C)C2=O)c1
486,COc1ccc(Cc2nc3ccccc3n2CC(N)=O)cc1OC
487,O=C(Nc1cc2c(cc1C(O)c1cccc(F)c1)OCCO2)C1CC1
488,CC(C)N(C)C(=O)CN1CCc2cc(F)ccc2C1
489,CS(=O)(=O)c1ccc(OCc2nnnn2-c2ccccc2)cc1
490,CSc1ccc(CN(C)C(=O)c2ccc(=O)n(C)n2)cc1
491,CC1CC1C(=O)Nc1ccc(F)cc1C(=O)NCc1cnn(C)c1
492,N#Cc1ccccc1NC(=O)c1ccc(N2CCCS2(=O)=O)cc1
493,Cc1cc(C(=O)N2CCOC(c3ccccc3)C2)c(C)o1
494,Cc1ccn2ncc(C(=O)NCCc3ccc(Cl)cc3)c2c1
495,CC(=O)Nc1ccc(F)c(C(=O)OCC2CCCCO2)c1
496,Cc1cnccc1CCNC(=O)Nc1cccc(Cn2cccn2)c1
497,CC(C)n1nccc1NS(=O)(=O)c1ccc2c(c1)CCC2
498,N#Cc1cccc(S(=O)(=O)NC2(c3ccccc3)CCOCC2)c1
499,COC(=O)Nc1ccccc1C(=O)NC1CCCC1C
500,O=C(Cc1c(F)cccc1Cl)OCn1nnc2ccccc2c1=O
501,CCC1COCCN1C(=O)NCCc1nc2ccccc2s1
502,O=C(Nc1cccc(Cl)c1)c1cnc2ccccn2c1=O
503,C#CCN1CCC(C(=O)NCc2ncc(-c3ccccc3)[nH]2)CC1
504,Cn1c(=O)n(C)c2cc(C(O)C3CCC3)c(Br)cc21
505,CC(C)c1nnc(CNC(C)c2ccc(S(C)(=O)=O)c(F)c2)o1
506,Cc1cccc(Nc2nc(C)c(C(=O)NCC3CC3)s2)n1
507,C=CCNC(=O)CSc1nnc(-c2ccc(Cl)cc2)o1
508,Cc1occc1C(=O)Nc1cc(N)c(F)cc1F
509,CCc1ccccc1NC(=O)N1CCN(CCOC)C(=O)C1
510,Cc1ncccc1C(=O)N1CCC(C(N)=O)c2ccccc21
511,COc1cccc(C(=O)NC(C)C(=O)NCc2ccccc2)c1F
512,OCc1ccc(Br)cc1N1CCOCC1
513,O=C(NCCc1ccccc1)c1cccn2nccc12
514,CN(CC1CC1)C(=O)c1ccnc(-n2cncn2)c1
515,CC(=O)Nc1ccc(SC(C)C(=O)Nc2c(C)n[nH]c2C)cc1
516,Cc1noc(C(C)OC(=O)CCNC(=O)c2ccsc2)n1
517,O=C(NC1CC1)C1CCN(S(=O)(=O)N2CCCCCC2)CC1
518,Cc1cc(NC(=O)c2cccc(Cl)c2N)ccn1
519,Cc1ccccc1Nc1ncnc(Nc2cccnc2)c1N
520,CC1(C)C(=O)C2(C(=O)N3CCCCCC3)CCC1C2
521,CCNC(=O)c1cc2occc2n1Cc1ccc(C)cc1
522,Cc1ccc(C(=O)N(c2cccc(O)c2)S(C)(=O)=O)o1
523,CCn1ncc(Cl)c1C(=O)NCC1COc2cc(OC)ccc2C1
524,O=C(NCC1CCN(C(=O)c2ccoc2)CC1)c1ccco1
525,CNC(=O)c1cccc(NC(=O)CC2CCCC2)c1
526,O=C(CCNC(=O)c1ccccc1)Nc1cccc(Cl)c1
527,Cc1ccc(OC2CCN(C(=O)c3ccc4c(c3)OCO4)CC2)cn1
528,O=C1COc2ccc(C(=O)Nc3cccc4cn[nH]c34)cc2N1
529,CCC(C)C(=O)Nc1nnc(C(F)(F)F)s1
530,Cc1csc(CNC(=O)CN2CCc3ccccc32)n1
531,COCCOCc1cccc(NC(=O)N2CCCC2)c1
532,CC(=O)c1c(C)[nH]c(C(=O)NCc2nnc3n2CCCCC3)c1C
533,CNC(=O)C(CC(C)C)NC(=O)c1cc(OC)c2c(c1)OCCO2
534,CCCC(=O)Nc1ccc(C(=O)N2CCC(C(=O)OC)CC2)cc1
535,CCOC(=O)NC(C(=O)Nc1cc(C)nn1C)C(C)C
536,Cc1cc(CNC(=O)N2CCC(Oc3cccnc3)C2)on1
537,CCOC(=O)c1c(C)oc(NC(=O)c2cc(C)on2)c1C#N
538,COc1ccc(CC(=O)Nc2ccccc2NC(C)=O)cc1OC
539,Cc1ccc(CNS(=O)(=O)c2cccc(C(=O)N(C)C)c2)s1
540,CCC(C)C(=O)NC1CCSc2ccc(Cl)cc21
541,COc1ccc(-c2ccc(-c3c(C#N)c(N)nc4c3CNCC4)o2)cc1
542,CCc1ccc(S(=O)(=O)NC(C(=O)OC)C(C)C)s1
543,Cn1cc(NC(=O)COc2ccc(Br)cc2Cl)cn1
544,O=C(Nc1nnc(C2CC2)s1)c1ccc(-n2ccnn2)cc1
545,Cc1ccc(-n2cnnc2SC(C)C#N)c(C)c1
546,CCCCN(CCO)C(=O)c1cc(Br)ccc1Cl
547,CC(NC(=O)NCc1cccc(C#N)c1)C(=O)NCc1ccco1
548,Cc1sc2ncnc(NCCNC(=O)C(C)C)c2c1C
549,CCCOCCC(=O)NC1CNc2ccccc2C1
550,Cn1cc(C#N)c(NC(=O)Cc2ccc(OCC(F)(F)F)cc2)n1
551,CC(NC(=O)c1cc(C2CC2)nc2ccccc12)c1ccco1
552,CS(=O)(=O)c1ccc(Cl)c(NC(=O)C2CC2)c1
553,CC(Oc1ccccc1)C(=O)N(C)c1ccccc1S(C)(=O)=O
554,COCCC(=O)C(C#N)c1ccc(OC)c(Cl)c1
555,COc1cccc(N2CCN(C(=O)Nc3cccnc3)CC2)c1
556,Cn1ccc(CN2CCOC3(CCc4ccccc43)C2)c1
557,O=C(COc1ccc2ncccc2c1)NCC1CCC1
558,COC(=O)Cc1ccc2[nH]c(-c3ccncc3)nc2c1
559,COC(=O)C(NC(=O)C1CCOC1)c1ccc(Cl)c(F)c1
560,Cc1nc(Cc2noc(Cn3c(=O)[nH]c4ccccc43)n2)no1
561,CCc1cnc(C)nc1NCc1ccccc1CN1CCCC1=O
562,CN(C)C(=O)c1ccc(NCC(=O)NCc2ccccc2)cc1
563,COc1ccc(C(=O)N2CCC(c3nc(C)cs3)CC2)cc1
564,CCn1nc(-c2ccccc2S(N)(=O)=O)oc1=O
565,COc1cc(Cl)ccc1C(=O)OC(C)c1nc(C)no1
566,COc1ccccc1-n1nnnc1Sc1nc2ccccc2o1
567,Cc1ccc(S(=O)(=O)N2CC(O)C=Cc3ccccc32)cc1
568,COCCCNC(=O)C1(n2cnnn2)CCCCC1
569,O=C1Nc2cc(CO)ccc2OC1c1ccccc1
570,CCN(Cc1ccccc1C#N)S(=O)(=O)c1cn[nH]c1
571,CC(CNC(=O)NC1CCc2c(F)cccc21)CC1(C)OCCO1
572,CCCC(=O)NCC(=O)N(C)C(C)c1ccc(OC)cc1
573,CCOC(=O)Nc1sc(-c2ccccc2)cc1C(N)=O
574,Nc1ccc(C(O)CSc2ccc(F)c(F)c2)cc1
575,CN(C)C(=O)CNc1ccc(C(=O)OC2CCCC2)cc1
576,Cc1nc[nH]c1-c1nccn1Cc1cc2ccccc2[nH]1
577,O=C(COc1ccc(CO)cc1)NCc1ccco1
578,CCC(C)(C)C(=O)N1CC2CC(c3n[nH]c(C)n3)OC2C1
579,CCC(C)NS(=O)(=O)Cc1cccc(NC(=O)C2CCCO2)c1
580,O=C(c1ccc(-c2cnco2)cc1)N1CCCCC1Cn1cccn1
581,CCN(CCCO)S(=O)(=O)c1c(C)n[nH]c1C
582,CC1(c2ccccc2)CCC(=O)N(CCc2ccccn2)C1
583,CN(CC(=O)Nc1ccccc1Cl)C(=O)c1ccc2c(c1)OCO2
584,CCNC(=O)c1ccc(CNC(=O)c2ccc(C)nc2C)cc1
585,CN(CC(=O)Nc1ccc(Br)cn1)C(=O)c1ccccn1
586,COc1ccc(S(N)(=O)=O)cc1C(=O)NCc1ccccc1
587,Cc1csc(CN(C)C(=O)CSc2nnc3ccccn23)n1
588,Cc1n[nH]c(-c2ccc(C(=O)NCC(C)CN3CCOCC3)cc2)n1
589,CC(C)C(O)C1NCCc2ccc(Br)cc21
590,COc1cccc(CNC(=O)Nc2cccc(C)c2)c1
591,CC1CCc2nc(NC(=O)c3ccc(CO)o3)sc2C1
592,COCC(C)NC(=O)c1ccc(-c2ccc(Cl)cc2)o1
593,CNc1cc(-c2ccc3c(c2)NC(=O)CCO3)nc(C)n1
594,COc1ccccc1-c1nc2c3c(C)c(C)oc3ncn2n1
595,Cc1sc2ccc(Cl)cc2c1S(=O)(=O)N(C)C(C)CO
596,O=C(CN1CCN(c2ccccc2)C1=O)NCCc1ccc(F)cc1
597,COc1ccc(CNc2ncnc(NC(C)C)c2N)cc1
598,Cc1csc(=O)n1CC(=O)Oc1ccc(Oc2ccccc2)cc1
599,CCOc1ccc2cc(S(=O)(=O)NCc3cccnc3)ccc2c1
600,CC(O)CC1COCCN1C(=O)NCC(C)c1ccc(F)cc1F
601,CCOc1nnc(CSc2nnc(C3CC3)n2CC)s1
602,CCN(CC)C(=O)CN(C)c1nc2c(C)ccc(C)c2s1
603,CN(C(=O)COc1ccccc1F)c1ccccn1
604,CC1CC1C(=O)OCC(=O)Nc1cccc(Cl)c1
605,NS(=O)(=O)c1ccc(CCNC(=O)Nc2ccccc2F)s1
606,CC(=O)Nc1nc2ccc(-c3nc4ccccc4[nH]3)cc2s1
607,COc1ccc2c(c1)C(NCCN1CCOCC1)CCO2
608,CC(C)CN1C(=O)C2(CCCC2)N(C)c2ccc(N)cc21
609,Cc1ccc(C(=O)N(C)Cc2ccc3c(c2)OCO3)cc1C
610,Cc1occc1CN(C)C(=O)C1CCCN(C(N)=O)C1
611,NC(=O)C1CCN(C(=O)COc2ccc3c(c2)C(=O)CC3)CC1
612,Cc1c(C(=O)Nc2ccn(Cc3ccccc3)n2)oc2c1C(=O)CCC2
613,Nc1ccc(S(=O)(=O)NCCc2c(F)cccc2Cl)cc1
614,CC(C)n1cc(CN(Cc2ccc(F)cc2)CC2CCCO2)cn1
615,CC(C)c1nc(OCC#N)c(C#N)c2c1COC(C)(C)C2
616,Cc1cc(CN2CCN(c3nnnn3-c3ccccc3)CC2)no1
617,Cn1cccc1C1CCCCCN1C(=O)c1ccc(NC2CC2)nc1
618,CCCCOc1ccc(NC(=O)Cn2cnnn2)c(C)c1
619,O=C(Nc1ccc2c(c1)COC2)N1CCN(c2nccs2)CC1
620,COc1ccc(NC(=O)C2CCCN2C(=O)c2ccccc2F)cc1
621,CCc1nc2ccccc2n1C1CCN(C(=O)c2ccco2)CC1
622,COc1ccc(OC)c(C2CC3(C)NC(=O)C2C(=O)N3)c1
623,NC(=O)NC(CC(=O)N1CCc2ccccc21)c1ccccc1F
624,CCN(CC(C)(C)O)c1ccc(S(C)(=O)=O)cc1S(C)(=O)=O
625,CCC(=O)Nc1cc(C(=O)N2CCC(C)CC2)nn1-c1ccccc1
626,Cc1ccc(-c2nnc(CCC(=O)NCc3cccc(C#N)c3)o2)cc1
627,Cc1ccc(NCC(=O)NCc2ccccc2)cc1F
628,CC(C)CNC(=O)CSc1nnnn1-c1ccc(Cl)cc1
629,CCn1cnc2c3c(sc2c1=O)SCC(=O)N3
630,CCC(C)NC(=O)CN(C)S(=O)(=O)c1cc(Cl)ccc1OC
631,O=C1NC2(CCCN(C(=O)c3cscn3)C2)Oc2ccccc21
632,N#CCCC(C#N)CN1CCCN(C(=O)c2cccc(Cl)c2)CC1
633,CSc1ccc(CC(=O)N2CCC(=O)CC2)cc1
634,CC1CCC(CCC(=O)Nc2ccn(-c3ncccc3Cl)n2)O1
635,CCN(CC1CCOC1)C(=O)CC1CCCc2ccccc21
636,CCC(C)NC(=O)c1cc(OC)c(OC)cc1C
637,Cn1ncc(N2CCC(Cc3ccccc3)CC2)c(Cl)c1=O
638,COCCNC(=O)Cn1c(C)c(Br)c2ccccc21
639,CC(=O)c1ccc(NC(=O)C(C)Sc2ccc(C)cn2)cc1
640,Cc1ccc(NC(=O)NCc2cccc(C#N)c2)c(C)c1
641,OCCOc1ccc(CN2CC(Oc3ccccc3Cl)C2)cc1
642,CNC(=O)COC(=O)Cn1c(SC(F)F)nc2ccccc21
643,COc1ccc(OC)c(CC(=O)NCCc2ccc(F)cc2)c1
644,CN1CCN(c2ccc(N)cc2Cl)S1(=O)=O
645,N#CCc1nc2cccnc2n1-c1cccc(F)c1
646,O=C(NC1C2CCc3ccccc3C21)c1cccnc1OCC(F)F
647,Cc1cc(C)nc(SCC(=O)NC(C)C(C)C)n1
648,CCCCn1nc(-c2ccc(C)cc2C)cc(N)c1=O
649,COC(=O)C(C)CN(C)Cc1nc2ccccc2c(=O)[nH]1
650,CCc1ccc(OCC(=O)NCC(O)c2ccccc2Cl)cc1
651,N#Cc1csc(CCOc2ccc(Br)cc2)n1
652,Cc1ccc(NC(=O)c2ccc(F)c(F)c2)c(OCC(=O)N(C)C)c1
653,Cc1c(-c2ccncc2)n[nH]c1NC(=O)c1cccc(-n2cncn2)c1
654,CC(C)N(C)C(=O)NCCNc1ncc(Cl)cc1Cl
655,CNC(=O)c1ccc(NC(=O)NC(C)COC)cc1
656,CC1CCCCC1OCC(=O)Nc1ccc(C(=O)NCC(N)=O)cc1
657,COc1ccc(C)cc1NC(=O)COC(=O)c1ccsc1
658,CCN(CCn1nc2ccccn2c1=O)c1ccccc1
659,FC(F)(F)c1cc(C2CCCN2c2cnccn2)n[nH]1
660,COc1ccc(F)cc1NC(=O)C1(C)CC1(Cl)Cl
661,CCN(CC(C)C#N)C(=O)C1Cc2ccccc2O1
662,O=C(Cn1c(CO)nc2ccccc21)c1ccc(N2CCCC2=O)cc1
663,CCCCC1C(=O)N(C)CCN1C(=O)Cc1ccc(CO)cc1
664,COc1ccc(Cl)cc1NC(C)C(=O)Nc1ccc(C(N)=O)cc1
665,CCc1ccccc1CNC(=O)NCC(=O)N1CCCCC1
666,COc1ccc(CCNc2ccc(C(=O)N3CCOCC3)cc2)cc1
667,Nn1c(-c2cncc(Cl)c2)nc2ncccc2c1=O
668,CCOC(=O)C1CCN(C(=O)c2ccc(N(CC)CC)cc2O)CC1
669,CCOC(=O)CNS(=O)(=O)c1cc(C)cc(N)c1
670,NC(C(=O)NCc1cccs1)c1ccc(O)cc1
671,Nc1nccnc1C(=O)Nc1ccc(-c2ccccn2)cn1
672,CCNc1ccc(COc2cccc(OC)c2)cn1
673,Fc1cccc(F)c1C(Nc1nncs1)Nc1nncs1
674,Cc1nc(CC(=O)Nc2ccnn2-c2ccccc2C)cs1
675,CCN(CC)C(=O)CCC(=O)NCc1cccnc1
676,Cc1cnc2n(c1=O)C(CC(=O)NCc1ccco1)CS2
677,O=C(Cn1cccn1)NCC#CCOc1ccc(F)cc1F
678,Cc1cc(C(=O)NC(c2ccccc2)c2nnc(C)n2C)ccc1F
679,C#CCN1CCN(C(=O)NCCc2c[nH]c3c(C)cccc23)CC1
680,CCc1c(C(=O)Nc2ccc(C)cc2)cnn1-c1ccccn1
681,COc1cccc(NC(=O)c2nc3ccccc3n(C)c2=O)c1
682,COCc1ccccc1CNC(=O)c1c[nH]c2cccc(F)c12
683,Cn1nnnc1SCCNC(=O)C1CC(=O)N(C2CCCC2)C1
684,O=C(c1ccccc1)N1CCCC(C(=O)N2CCOCC2C2CC2)C1
685,CCCN(CCO)C(=O)c1ccc(C(=O)N(C)c2ccccc2)cc1
686,NC(=O)CN(C(=O)c1ccc(Br)c(F)c1)C1CCCC1
687,Cc1noc(C2CCCN(C(=O)C3(C)CC3(Cl)Cl)C2)n1
688,O=C(Nc1ccn(-c2ccccc2)n1)c1cccc(Br)c1
689,CCCCn1ncc(-c2cccc(Cl)c2)c(CO)c1=O
690,C=CCNS(=O)(=O)c1cc(S(N)(=O)=O)c(Cl)cc1N
691,CCn1nccc1C(=O)Nc1cc2ccccc2oc1=O
692,CC(C)n1c(CNC(=O)c2ccc3nnnn3c2)nc2ccccc21
693,CCC(=O)Nc1cccc(NC(=O)CN(C)c2ccccc2)c1
694,C=CCN(CC(F)(F)F)S(=O)(=O)c1ccc(C(N)=O)cc1
695,N#CC(NCCCO)c1ccc(Br)cc1
696,CCOC(=O)c1csc(NC(=O)c2ccc(OC(F)F)cc2)n1
697,CC(=O)NCc1ccc(S(=O)(=O)NCC2CCOC2)s1
698,CCOCc1cc(C(=O)Nc2nc(C)cs2)ccc1OC
699,O=C(NCc1csc(=O)[nH]1)c1cccc(F)c1Cl
700,O=C(CO)N1CCN(CC(=O)N2CCc3ccccc3C2)CC1
701,CCCCNC(=O)Cn1ccn(-c2cccc(Cl)c2)c(=O)c1=O
702,CC(C)OCCN1C(=O)COc2cc(N)ccc21
703,COc1ccc(-n2ncc3c2CCCC3NC(=O)C2CCCC2)cc1
704,O=C1CC2(CCN(c3nncs3)C2)CN1c1cccc(F)c1
705,CC(C)(C)OC(=O)N1CCN(Cc2ccc(O)cc2)CC1
706,CC(C)c1ccc(C(=O)N2CCN(CC(C#N)CCC#N)CC2)cc1
707,CCNC(=O)c1ccc(NC(=O)C2CCCC2)c(C)c1
708,CN1CC(C(=O)NC(c2ccccc2)c2cccs2)CC1=O
709,CCN(CCC(F)(F)F)S(=O)(=O)c1cc(F)c(F)c(F)c1
710,COC(=O)c1nn(-c2cc(C)c(Br)cc2C)nc1C
711,O=S1(=O)CCCCN1c1ccccc1C(F)(F)F
712,COc1cccc(C(=O)NCCc2csc(C(C)C)n2)c1
713,CCOc1ccc(OCC)c(NC(=O)NCc2cnc(C)s2)c1
714,CC(c1ccc(F)cc1)N(C)C(=O)Nc1cn[nH]c1
715,Cc1cc(C(=O)N(CCc2ccccc2)Cc2ccncc2)n(C)n1
716,Cc1nn(-c2ccccc2)c(C)c1CN(C)C(=O)C1CCCO1
717,Clc1cccc(-c2nnc(Cc3nc(-c4cccnc4)no3)o2)c1
718,Cc1nnc(SCc2cc(=O)n3cccc(C)c3n2)c(C#N)c1C
719,Fc1ccccc1Nc1noc2c1CN(CC1=CCCOC1)CC2
720,CCOc1c(F)cccc1C(=O)N1CCN(CCOC)C(=O)C1
721,CCN(CCNC(=O)C1CCC(=O)N1)c1cccc(C)c1
722,CC(=O)NC(C(=O)Nc1nc2cc(Cl)ccc2s1)C(C)C
723,CCOC(=O)C(C)CNC(=O)Cc1c(F)cccc1F
724,CN(CCN(C)C(=O)OC(C)(C)C)C(=O)Nc1ccc2c(c1)CCC2
725,COc1ccc2c(CC(=O)N(C)Cc3ccc(C)o3)coc2c1
726,CCCCNC(=O)C(C)Sc1nnnn1-c1cccc(C)c1C
727,Cc1nnc(SCc2ccc(C(=O)N(C)C)cc2)n(N)c1=O
728,CCNC(=O)N1CCN(C(=O)Cc2cc(C)ccc2C)CC1
729,Cc1ccc(S(=O)(=O)NCCc2nnc3ccccn23)s1
730,O=C1COc2ccccc2N1CCC(=O)N1CCCC1c1ccc[nH]1
731,N#CC(C(=O)c1ccc2c(c1)NC(=O)CS2)c1nc2ccccc2[nH]1
732,COc1ccc(NC(=O)N(C)CCN2CCOCC2)cc1C
733,CC(OC(=O)C1=NC=CC1)C(=O)NC1CCCCCC1
734,CNC(=O)Cn1cc(OC)c(=O)cc1CSc1nnnn1C
735,Cc1ccsc1C(=O)Nc1ccc(Br)cc1C(N)=O
736,O=C(C1CCCC1)N1CCC(c2nnc(-c3ccsc3)o2)CC1
737,COc1ncnc2c1CN(Cc1sccc1C)CC2
738,Cc1ccc(NC(=O)COc2ccccc2OCCO)c(Cl)c1
739,O=C(NCCCSc1ccccc1)NCc1ccncc1
740,COC(=O)N1CCC(NC(=O)c2cncc(Br)c2)CC1
741,COc1ccccc1C(=O)N1CCC(OCC(C)C)CC1
742,CC(C)CCNC(=O)c1ccc(-n2cnc3cccnc32)cc1
743,COCc1ccc(CNCC(O)c2ccco2)cc1
744,Cc1cccc2[nH]c(C3CCCN3C(=O)c3cc(C(C)C)on3)nc12
745,COC(=O)CCN(C(=O)c1c(C)noc1C)c1cccc(F)c1
746,CCNc1nc(-c2cnc(-c3cccnc3)s2)cs1
747,Cc1cc(C)c(CNC(=O)CN2CCCNC2=O)c(=O)[nH]1
748,CC(C(=O)NC(c1ccc(F)cc1)C1CCCO1)n1cccn1
749,CCOc1cc(C)c(-c2noc(C)c2CO)cc1C
750,CC(NS(=O)(=O)c1cccc(C(N)=O)c1)c1ccc(F)c(F)c1
751,CCc1noc(CC)c1CNS(=O)(=O)c1cccc2ncccc12
752,CCCCC(=O)NCCNC(=O)c1cccs1
753,Nc1cc(S(=O)(=O)N2CCCC2)ccc1N1CCCCCC1
754,O=C(CNc1cccc(OC(F)(F)F)c1)NCC(=O)N1CCCC1
755,COc1cc(CCC(=O)N(C)Cc2cccc(C#N)c2)cc(OC)c1
756,Cc1nnc(NCCc2ccccc2OC(F)(F)F)o1
757,OCc1nc2cc(Cl)ccc2n1CCCN1CCOCC1
758,Cn1c(=O)n(C)c2cc(CNc3ccc(Br)cc3)ccc21
759,Fc1cc(F)cc(Cc2nc3c4ccccc4ncn3n2)c1
760,Cc1ccc(-c2ncco2)cc1NC(=O)CCNC(N)=O
761,O=C(OCC1CC(=O)N(C2CC2)C1)C1CCCN1C(=O)C1CCCC1
762,COCc1cccc(C(=O)NC(C(=O)OC)c2ccccc2)c1
763,Cc1ccc(CC(=O)N2CCNC(=O)CC2c2ccccc2)cc1O
764,C#CCNC(=O)N1CCC(NC(=O)c2cccs2)CC1
765,CS(=O)(=O)c1nc(C(=O)OCC(N)=O)c2ccccn12
766,CC(Oc1ccccc1C#N)C(=O)Nc1cc(Cl)ccc1O
767,CCOC(=O)c1cnn(C)c1C(O)C(=O)OCC
768,CC(C)Cc1ccc(CC(=O)NCc2cscn2)cc1
769,CCOC(=O)CN1CCC2(CCCN(C(=O)OC(C)(C)C)C2)C1=O
770,CCS(=O)(=O)N1CCN(C(=O)COc2cccc(C)c2)CC1
771,CCC(C(=O)NCc1cccnc1)N1C(=O)CCn2nc(C)cc21
772,CCn1cc(C(=O)N=c2[nH]nc3ccccn23)cn1
773,CCC(=O)Nc1cccc(NC(=O)N(C)CC(C)C)c1
774,Cc1ncc(CN2CCCCCC2c2ccncc2)s1
775,CCC(=O)Nc1c(-c2cccc(F)c2)n[nH]c1C1CC1
776,O=C(c1ccn2nnnc2c1)N1CCN(c2ncccn2)CC1
777,Cc1nn(CC(=O)Nc2ccccc2Cl)c(C)c1N
778,CCN1CC(CN(C)C(=O)c2cc(F)cc(F)c2)Oc2ccccc21
779,COc1cc(C(=O)OCCn2cccn2)cc(Cl)c1OC
780,CCN(C(=O)c1ccc(-n2ccnn2)cc1)c1ccccc1
781,COC(=O)C(C)Sc1nnc(NCC2CCCO2)s1
782,O=C(CCSc1ccccc1)NCC(O)c1ccc2c(c1)CCO2
783,CCCc1nnc(SCC(=O)Nc2ccccc2F)n1N
784,COCCNC(=O)C1CN(C(=O)c2ccc(F)c(F)c2)C1
785,COc1cc(C#N)cc(Cl)c1OCC(=O)NC(C)(C)C
786,CC(C)Oc1ccc(C(=O)NCCc2ccc(-n3cccn3)cc2)cc1
787,O=C(CCC1CCCC1)N1CCN(Cc2noc3ccccc23)CC1
788,Cc1c(N)c2c(c(C)c1Cl)N(C)C(=O)CCO2
789,COC(=O)c1cccc(NC(=O)C2CC(=O)Nc3cc(F)ccc32)c1
790,COc1ccccc1C(=O)NCC(O)c1ccc(C(F)(F)F)cc1
791,CN(C(=O)c1cccc(Cn2cccn2)c1)C1CCCc2ccccc21
792,Cc1ccc(NC(=O)CC2CSc3nccc(=O)n32)cc1
793,CCC(CC)c1cc(CNC(=O)NC2CC2)on1
794,CC(C)S(=O)(=O)c1ccc(C(=O)Nc2ccccc2)cc1
795,Cc1noc(CNC(=O)NC2CCCN(Cc3ccccc3)C2=O)n1
796,COCc1cc(C(=O)N(C)c2cccc3ncccc23)ccc1F
797,Cc1nnc(C(C)N(C)Cc2cc(Br)cs2)o1
798,Cc1sc(NC(=O)c2cc3ccccc3oc2=O)c(C#N)c1C
799,CCOC(=O)N1CCN(C(=O)Nc2ccc3c(c2)nnn3C)CC1
800,O=c1c(C(F)(F)F)cccn1Cc1nc2ccccc2n1C(F)F
801,COc1ccc(C)cc1C(C)NC(=O)c1ccc(-n2ccnn2)cc1
802,Cc1nn(-c2ccc(C(=O)Nc3ccncc3)cc2)c(C)c1Cl
803,CC(=O)Nc1cc(NC(=O)CCSc2ccccn2)ccc1C
804,Cc1cc(NC(=O)CN2CCC(C)c3ccccc32)no1
805,O=C(CCc1ccc(-c2ccccc2)o1)OCC(=O)N1CCCC1
806,Cc1cc(NC(=O)NC2C3CCC(C3)C2CO)c2ncccc2c1
807,O=C(NCC(F)(F)F)NC1(c2ccccc2F)CC1
808,CCOCCNS(=O)(=O)c1ccc2c(c1)CCCN2
809,CCOC(=O)c1csc(CNC(=O)c2c[nH]c3cccc(F)c23)n1
810,CC(C)(C)OC(=O)N1CCC2(CCc3ccc(O)cc3O2)C1
811,Cc1nnc(NC(=O)c2snc(C#N)c2N)s1
812,Cc1ccccc1COC1CCN(C(=O)Cn2ccnn2)CC1
813,CCN(Cc1cnc2cnccn12)CC(C)C(=O)OC
814,Cc1cc(NC(=O)c2cc(Cl)c[nH]2)c2ncccc2c1
815,CC(C)c1nc(COn2nnc3ccc(Cl)cc32)cs1
816,CC(C)c1nnnn1CC(=O)NCC(C)(O)c1ccc(F)cc1
817,CC(=O)N1CC(C(=O)Nc2ccc(Cl)cc2)Oc2ccccc21
818,Cc1ccc(CC(=O)Nc2cnn(CC(=O)NC3CCCC3)c2)s1
819,Cc1csc(NC(=O)C(C)Sc2nncs2)n1
820,CCOc1cc(-c2cc(C(=O)OC)no2)cc(N)c1OCC
821,COCCNC(=O)c1cc(=O)c(OCc2ccccc2)c[nH]1
822,CCOC(=O)C(C)NC(=O)c1c(F)ccc(OCC)c1F
823,Cc1ccc(CC(=O)N2CCN(C(=O)NCC3CCCO3)CC2)cc1
824,CC1(C)CC(NC(=O)c2cn(C3CC3)c(=O)c3ccccc23)CCO1
825,CNc1nc(NCc2ccccc2)c2cnn(C)c2n1
826,Cc1ccc2nc(C)c(C(=O)NCC(O)c3ccccc3)cc2c1
827,CC(C)C(CNC(=O)NCc1cccc(C(N)=O)c1)c1ccccc1
828,COCCNC(=O)c1snc(S(=O)(=O)C(C)C)c1N
829,COc1ccccc1CN1CCN(C(=O)NCc2ccnn2C)CC1
830,Cc1ccc(C(N)=O)cc1NC(=O)NCCCN1CC(C)OC(C)C1
831,CC(C)c1nc(CCNC(=O)Cc2cccc(F)c2F)cs1
832,O=C(CCCc1nc(-c2ccc(Cl)cc2)no1)N1CCOCC1
833,Cc1nnc(COC(=O)c2cc(Br)ccc2Cl)o1
834,O=C(C1CC=CC1)N1CCCSc2ccccc21
835,CC(=O)Nc1cccc(C(C)OC(=O)Cc2c(C)nn(C)c2C)c1
836,CC(NC(=O)c1cnc(C2CC2)[nH]c1=O)c1ccc(F)cc1
837,COc1cc(CC(=O)Nc2c(C)cc(C)nc2C)cc(OC)c1OC
838,CC(c1ccccc1)C(CO)NS(=O)(=O)c1cn(C(C)C)cn1
839,O=C(c1ccc2ncsc2c1)N1CCCC1c1ccccc1
840,CCc1nnc(CNc2ccc(-c3nnnn3C(C)C)c(F)c2)o1
841,CCN(CC)C(=O)c1ccc(OC(=O)c2cc(C(N)=O)cn2C)cc1
842,CCOC(=O)c1nn(-c2cccc(Cl)c2)c(N)c1C#N
843,NC(=O)Cc1csc(NC(=O)c2occc2-c2ccccc2)n1
844,CCOCc1nnc(NC(=O)c2ccc(C(C)(C)C)cc2)s1
845,Nc1cc2c(cc1NCCC1CCCC1)NC(=O)C2
846,O=C(Nc1ccc(OC(F)F)c(F)c1)c1cc(F)cc2[nH]cnc12
847,CC(=O)c1c(C)nc2nc(-c3ccncc3)nn2c1C
848,CC(NC(=O)c1ccc(-c2ccccc2)cc1)c1cnn(C)c1
849,CC1(c2[nH]ncc2S(C)(=O)=O)CCCN(C(=O)c2ccncc2)C1
850,Cc1nn(-c2nc(CC(=O)N3CCCC3)cs2)c(C)c1Cl
851,CCc1nnc2n1CCN(C(=O)c1cc3ccccc3[nH]1)C2
852,COc1cccc(NC(=O)CSc2nnc3nc(C)cc(C)n23)c1
853,CCC1CCC(N(C(=O)CC2CCCO2)C2CC2)CC1
854,CCNC(C)(C(=O)OC)c1ccccc1C(F)(F)F
855,CNc1nc(-c2nnc3scc(C(F)(F)F)n23)cs1
856,O=C(Nc1nnc(-c2ccccc2)o1)c1cccs1
857,COc1cc(CNC(=O)NC(C)c2ccc3ccccc3c2)ccn1
858,Cc1nc2ccccc2nc1CN1CCN(CC(N)=O)CC1
859,CN(Cc1cccc(C#N)c1)S(=O)(=O)c1cc(C(N)=O)n(C)c1
860,COc1cccc(C(=O)NC2CCCc3occc32)c1F
861,N#Cc1cc(NC(=O)N2CCc3cc(F)ccc3C2)ccc1F
862,CCCN(CC1CC1)C(=O)NCc1ncn(C)n1
863,O=C(CCC(=O)c1ccccc1)NCc1ccc2c(c1)OCO2
864,Cc1cc(NC(=O)NC(c2ccc(F)cc2)C2CCCO2)n(C)n1
865,Cn1nccc1CNC(=O)Nc1ccc(OC(F)(F)F)cc1
866,O=C(CCS(=O)(=O)c1ccc2ccccc2c1)NCC1CCCO1
867,CCOC(=O)Nc1ccc(S(=O)(=O)Nc2cccc(F)c2)cc1
868,Cc1ccc(C(O)CNS(=O)(=O)N(C)C)cc1C
869,Cc1nc(SCC(=O)NC2CCCC2)[nH]c(=O)c1C
870,CCN(CC)S(=O)(=O)c1cc(C(=O)NC(C)C2CCC2)n(C)c1
871,CCOC(=O)c1ccc(N2CCN(Cc3cc(C)n(C)n3)CC2)nc1
872,Cc1noc(C)c1C(=O)NC(C)C(=O)NCC(F)(F)F
873,Cc1nc2sccn2c(=O)c1NC(=O)c1cccc(F)c1
874,Cc1ccc2ncc(C(=O)Nc3cccc(C(=O)N4CCCC4)c3)n2c1
875,C#CCNC(=O)CSc1nnc(-c2ccc(OCC)cc2)n1N
876,CC(=O)Oc1cc(C)cc2occ(-c3ccccn3)c(=O)c12
877,O=C(NCCCN1CCCC1=O)Nc1ccc2c(c1)OCO2
878,CCN(CC(F)(F)F)C(=O)c1cccc2[nH]ccc12
879,COc1ccc(OC)c(CN(C(=O)C(C)NC(C)=O)C2CC2)c1
880,COc1ccc(N)cc1-c1nc2cccnc2n1C(C)C
881,CC1(O)CCN(C(=O)c2ccc3[nH]ccc3c2)CC1Cc1ccccc1
882,Cc1oc(C)c(C(=O)N2CCCC2Cn2cccn2)c1C
883,COc1ccc2nc(C)cc(C(=O)NCC(C)(C)c3ccncc3)c2c1
884,O=C1Nc2ccccc2C12CCN(S(=O)(=O)c1cccs1)CC2
885,Cc1c(NC(=O)c2ccccc2)cccc1NC(=O)C(C)NC(N)=O
886,Cc1cccc(C(=O)N2CCN(C(=O)c3cccc(C)c3)CC2)c1
887,Cc1ccc(-n2ncc3c(=O)n(CC(=O)C(C)(C)C)cnc32)c(C)c1
888,Cn1cnnc1CCn1ccnc1-c1cnc(-c2ccccn2)nc1
889,O=C(OCc1nc(-c2ccccc2)no1)c1ccc(C(F)(F)F)nc1
890,CSc1c(CCC(C)O)c(O)c(C)c(O)c1C(C)=O
891,CC1CCCC(C)N1C(=O)N1CCC(n2cncn2)CC1
892,Cc1nc2cc(-c3noc(-c4ccncc4)n3)ccc2n(C)c1=O
893,Cc1csc(N2CCCN(Cc3cnc(C4CC4)s3)CC2)n1
894,Cn1ncc2c(=O)n(CC(=O)NC3CCOc4ccccc43)cnc21
895,Cc1ccc(Cn2c(C(=O)Nc3ccon3)cc3occc32)cc1
896,COCCOc1ccc(NS(=O)(=O)c2ccc(C)cc2)cc1
897,Cc1ccc(CN(C)Cc2nc(C)cs2)c(Br)c1
898,CCOC(=O)c1cccc(NC(=O)Nc2cccn3ncnc23)c1
899,O=C(COC1CCCC1)NCCCn1nc2ccccn2c1=O
900,Cc1noc(C)c1C(=O)Nc1nc2c(s1)CC(C)CC2
901,COCc1nc2cc(NC(=O)c3ccc(-n4ccnc4)cc3)ccc2o1
902,O=C(NCCCN1CCCCCC1=O)c1ccnc(-n2ccnc2)c1
903,N#Cc1ccc(NCc2ccnc(-n3cccn3)c2)nc1
904,Cc1nc2c3c4c(sc3nc(C)n2n1)CCCC4C
905,CC(=O)Nc1ccc(CC(=O)N(C)Cc2ccc(F)c(F)c2)cc1
906,Cc1nn(C)cc1C(=O)N1CCCC(c2cc(=O)nc3n2CCC3)C1
907,CNc1snc(C)c1C(=O)NCC(C)N(C)c1ccccc1
908,COc1ccc(CN2CCOC(c3cnn(C)c3)C2)cc1SC
909,CS(=O)(=O)N(Cc1ccccc1F)Cc1ccccc1F
910,Nc1ccc(-c2cccc(-c3ccc4c(c3)OCCO4)n2)cc1
911,Cn1ncnc1SCC(=O)NC(C)(C#N)C1CC1
912,CN(Cc1ccccc1N1CCOCC1)C(=O)NC1CCCC1
913,CCCOc1ccc(CNC(=O)C(C)OC)cc1
914,CCCCOC(C)C(=O)NC1CCCn2nc(CC)nc21
915,CC(CN1CCOCC1)NC(=O)c1ccc(=O)n(-c2ccccc2)n1
916,O=C(NCc1ccco1)C1CCN(c2ccccc2-n2cccc2)C1=O
917,CN(CC(=O)NCc1ccco1)S(=O)(=O)c1cccnc1
918,O=C(Nc1nncs1)c1ccc2c(c1)OCCO2
919,CC(=O)N1CC(C(=O)Nc2ccc(-n3cnnn3)cc2)C1
920,COc1cccc(CCC(=O)OC2CCCC2OC)c1
921,O=C(CNC(=O)Cc1cccc(F)c1F)NCCN1CCOCC1
922,CCN(CC)C(=O)c1cccc(NC(=O)c2ccc(C)c(F)c2)c1
923,CCNC(=O)N1CCN(c2c(C)n[nH]c2C)CC1
924,O=C(NCCC1=CCCCC1)c1ccc(-n2cccn2)cc1
925,CN(Cc1cnn(C)c1)C(=O)CS(=O)(=O)c1ccc(F)cc1F
926,O=S(=O)(NCCc1ccccc1)c1ccc(F)cc1F
927,COc1ccc(C(C)(CO)Cc2cccs2)cc1OC
928,O=C(Cn1ccccc1=O)N1CCC(N2CCNC2=O)CC1
929,Cc1ccc(-c2ccc(S(N)(=O)=O)s2)c(-n2cccn2)c1
930,COc1ccc(Oc2cc(C)nc(C3CN(S(C)(=O)=O)C3)n2)cc1
931,COCCn1ccc2c(C(=O)Nc3ccccn3)cccc21
932,CCc1nn(C)c(CC)c1CN1CCCN(c2cccnn2)CC1
933,NS(=O)(=O)c1ccc(OCCOC(=O)c2ccccc2)cc1
934,O=C(COc1cccc2cccnc12)NCc1cccs1
935,COC(=O)C1(NCc2cnc(-c3ccc(Cl)cc3)nc2)CC1
936,CNS(=O)(=O)CC(=O)NC(C)Cc1ccc(Cl)cc1Cl
937,CCc1cc(NC(=O)c2c(C)nn(-c3ccccc3)c2C)[nH]n1
938,COC(=O)CNC(=O)c1cc(C)c(Br)cc1C
939,O=C(NC(CN1CCOCC1)c1ccccc1)c1ccccn1
940,C=CCn1c(C)nnc1SC(C)C(=O)N1c2ccccc2CC1C
941,CC(c1ccc(F)cc1)N(C)C(=O)Cn1nc2c(cc1=O)CCCC2
942,CCc1nc2n(n1)CCCC2NC(=O)c1cccc(OCC(N)=O)c1
943,CCc1noc(CN(C)C(=O)Cc2ccc(C)cc2)n1
944,O=C(CSc1nc2ccccc2s1)Nc1cccc(O)c1
945,Cc1ccc(C(=O)Nc2nnc(-c3ccncc3)o2)cc1
946,Cc1ccc(-c2csc(NC(=O)c3ccncc3)n2)s1
947,Cc1[nH]ncc1CCCNC(=O)NC(C)c1cccc(Cl)c1
948,CNC(=O)c1c(NC(=O)c2cc(OC)cc(OC)c2)sc(C)c1C
949,O=C(CC(F)(F)F)NC(Cc1ccccc1)C(F)(F)F
950,CCCCNc1ncc(Br)c2cc(N)ccc12
951,COC1COC2C1OCC2N(C)c1nccc(C2CCCC2)n1
952,CCN(C(C)c1cc2ccccc2o1)S(N)(=O)=O
953,CNC(=O)Cc1ccc(NC(=O)C23CC4CC(CC(C4)C2)C3)cc1
954,CC(C)CCC(=O)N1CCN(c2ncc(C#N)cc2Cl)CC1
955,C=CCc1ccccc1OCC#CCNC(=O)c1ccc(=O)[nH]c1
956,Cc1noc(C2(C)CCCN(Cc3cnn(C)c3)C2)n1
957,CC1CN(CC(=O)c2ccc3c(c2)NCC(C)(C)O3)CC(C)O1
958,CC(C)Oc1ccc(F)cc1C(=O)c1ccc(N)cc1
959,Cc1nc2ncc(C(=O)N(CC3CCCCO3)C(C)C)cc2[nH]1
960,CCCNC(=O)C(C)NC(=O)c1ncccc1O
961,O=C1c2ccccc2NC(c2csnn2)N1Cc1cccnc1
962,CCOC(=O)c1cnn(-c2nc3c(C)cccc3s2)c1N
963,Cc1cc(NC(=O)N(CCC(F)(F)F)CC(O)CO)n(C)n1
964,COCCC1(C(=O)Nc2cc(OC)ccn2)CC1
965,Cc1nnc(SCC(=O)Nc2ccccc2Br)s1
966,COc1ccc(CCOc2ccccc2N)cc1OC
967,C=CCn1c(SCC(=O)NC(C)C)nnc1C(F)(F)F
968,NC(c1cc2c(cc1Br)OCCO2)C(F)(F)F
969,CCOc1ccc(NC(=O)c2ccc(-n3ccnn3)cc2)cc1C
970,CCCCNc1nc2ccccc2n1CC(=O)N1CCOCC1
971,Nc1cccc(NC(=O)CSc2ncccn2)c1
972,Cc1ccc(S(=O)(=O)NCCCCn2ccccc2=O)c(C)c1
973,CCOC(C)c1noc(CSc2nc(-c3ccc(C)cc3)n[nH]2)n1
974,CNC(=O)NCC(=O)Nc1ncc(Cc2ccccc2Cl)s1
975,Cc1ccc(C(=O)OCC(=O)N2CCc3ccccc3C2)cc1F
976,Cc1c(N)c(=O)n(-c2ccc(C(F)(F)F)cc2)n1C
977,CC(=O)c1cnc2nc(-c3ccc(C)cc3)nn2c1C
978,O=C(CCn1[nH]c(=O)ccc1=O)NC1CCCc2ccccc21
979,CCCNC(=O)NCc1ccc(OC)c(OC)c1OC
980,CSc1ccccc1C(=O)N1CCc2ccccc21
981,Cc1ccc(NC(=O)CSc2ncn(-c3ccccc3)n2)c(F)c1
982,N#Cc1ccc(CCC(=O)NC2CCCNC2=O)cc1
983,Cc1cc(C(=O)Nc2ccc(Cl)cc2F)c(C)n1C1CC1
984,CNC(=O)COc1cc(C(=O)OC2CCCC2)ccc1N
985,CCOc1ccc(NC(=O)CNC(=O)c2ccsc2)cc1Cl
986,Cc1ccc(C(=O)NCC(=O)NC(C2CC2)C2CC2)s1
987,CCOC(=O)c1sc(-c2ccccc2OC)nc1C
988,COc1ccc(C(O)C(C)NC(=O)c2cccc(NC(C)=O)c2)cc1
989,COc1ccc(NC(=O)NCC2CC=CCC2)cc1F
990,CCn1ncn2cc(S(=O)(=O)NCc3ccco3)cc2c1=O
991,CC(C)(C)c1ccc(O)c(NC(=O)CN2CCCS2(=O)=O)c1
992,Fc1ccc2[nH]c3c(NCCCc4ccccc4)ncnc3c2c1
993,CC(NC(=O)c1ccc2[nH]cnc2c1)C(=O)N1CCCCC1
994,Cc1nc(=O)[nH]c(C)c1CCC(=O)N(C)Cc1nncn1C(C)C
995,COc1cccc(Cn2nccc2NC(=O)c2ccccc2)c1OC
996,CNC(=O)CN(C)S(=O)(=O)c1cccc(N)c1
997,O=C(C1CC12CCOCC2)N1CCC(Oc2cccc(Cl)c2)C1
998,COCc1ccc(C(=O)NCc2cccc(C#N)c2)o1
999,Cc1ccccc1CCNC(=O)Nc1ccc2c(c1)n(C)c(=O)n2C
1000,COC(=O)C(C)NC(=O)c1cc(-c2ccc(Cl)cc2)nn1C
